,strain,D12,D3,plate,well,col,row,replicate,estradiol,auc,dgr
0,PL0012,sh3.1,pdz.1,1,A1,1,A,1,0,8.9215,0.00800000000000001
1,PL0012,sh3.1,pdz.1,1,A2,2,A,2,0,7.532,0.004
2,PL0012,sh3.1,pdz.1,1,A3,3,A,3,0,8.256,0.00800000000000001
3,PL0012,sh3.1,pdz.1,1,A4,4,A,1,5,17.242,0.028
4,PL0012,sh3.1,pdz.1,1,A5,5,A,2,5,19.398,0.036
5,PL0012,sh3.1,pdz.1,1,A6,6,A,3,5,18.618,0.04
6,PL0012,sh3.1,pdz.1,1,A7,7,A,1,10,39.5945,0.0640000000000001
7,PL0012,sh3.1,pdz.1,1,A8,8,A,2,10,30.292,0.0600000000000001
8,PL0012,sh3.1,pdz.1,1,A9,9,A,3,10,40.43,0.0680000000000001
9,PL0012,sh3.1,pdz.1,1,A10,10,A,1,20,48.648,0.0760000000000001
10,PL0012,sh3.1,pdz.1,1,A11,11,A,2,20,46.7815,0.0799999999999996
11,PL0012,sh3.1,pdz.1,1,A12,12,A,3,20,49.2545,0.0840000000000001
12,PL0012,sh3.3,pdz.3,1,B1,1,B,1,0,10.4455,0.012
13,PL0012,sh3.3,pdz.3,1,B2,2,B,2,0,6.1155,0.00800000000000001
14,PL0012,sh3.3,pdz.3,1,B3,3,B,3,0,6.138,0.00800000000000001
15,PL0012,sh3.3,pdz.3,1,B4,4,B,1,5,9.3275,0.024
16,PL0012,sh3.3,pdz.3,1,B5,5,B,2,5,6.731,0.00800000000000001
17,PL0012,sh3.3,pdz.3,1,B6,6,B,3,5,5.921,0.00800000000000001
18,PL0012,sh3.3,pdz.3,1,B7,7,B,1,10,7.6065,0.012
19,PL0012,sh3.3,pdz.3,1,B8,8,B,2,10,5.035,0.00800000000000001
20,PL0012,sh3.3,pdz.3,1,B9,9,B,3,10,6.496,0.016
21,PL0012,sh3.3,pdz.3,1,B10,10,B,1,20,7.5535,0.016
22,PL0012,sh3.3,pdz.3,1,B11,11,B,2,20,5.4915,0.00800000000000001
23,PL0012,sh3.3,pdz.3,1,B12,12,B,3,20,5.3845,0.00800000000000001
24,PL0012,sh3.1,pdz.3,1,C1,1,C,1,0,7.9105,0.004
25,PL0012,sh3.1,pdz.3,1,C2,2,C,2,0,11.8095,0.024
26,PL0012,sh3.1,pdz.3,1,C3,3,C,3,0,7.9145,0.012
27,PL0012,sh3.1,pdz.3,1,C4,4,C,1,5,7.754,0.00800000000000001
28,PL0012,sh3.1,pdz.3,1,C5,5,C,2,5,11.854,0.028
29,PL0012,sh3.1,pdz.3,1,C6,6,C,3,5,6.2855,0.00800000000000001
30,PL0012,sh3.1,pdz.3,1,C7,7,C,1,10,6.896,0.00800000000000001
31,PL0012,sh3.1,pdz.3,1,C8,8,C,2,10,10.6375,0.028
32,PL0012,sh3.1,pdz.3,1,C9,9,C,3,10,6.967,0.00800000000000001
33,PL0012,sh3.1,pdz.3,1,C10,10,C,1,20,7.3395,0.012
34,PL0012,sh3.1,pdz.3,1,C11,11,C,2,20,16.571,0.0599999999999996
35,PL0012,sh3.1,pdz.3,1,C12,12,C,3,20,9.136,0.02
36,PL0012,sh3.3,pdz.1,1,D1,1,D,1,0,7.573,0.004
37,PL0012,sh3.3,pdz.1,1,D2,2,D,2,0,6.549,0.004
38,PL0012,sh3.3,pdz.1,1,D3,3,D,3,0,5.8555,0.004
39,PL0012,sh3.3,pdz.1,1,D4,4,D,1,5,7.014,0.00800000000000001
40,PL0012,sh3.3,pdz.1,1,D5,5,D,2,5,5.8885,0.004
41,PL0012,sh3.3,pdz.1,1,D6,6,D,3,5,5.413,0.004
42,PL0012,sh3.3,pdz.1,1,D7,7,D,1,10,6.094,0.00800000000000001
43,PL0012,sh3.3,pdz.1,1,D8,8,D,2,10,5.332,0.004
44,PL0012,sh3.3,pdz.1,1,D9,9,D,3,10,6.3895,0.012
45,PL0012,sh3.3,pdz.1,1,D10,10,D,1,20,6.631,0.012
46,PL0012,sh3.3,pdz.1,1,D11,11,D,2,20,5.809,0.00800000000000001
47,PL0012,sh3.3,pdz.1,1,D12,12,D,3,20,6.154,0.00800000000000001
48,PL0012,pdz.3,sh3.3,1,E1,1,E,1,0,9.6555,0.012
49,PL0012,pdz.3,sh3.3,1,E2,2,E,2,0,6.625,0.004
50,PL0012,pdz.3,sh3.3,1,E3,3,E,3,0,6.2755,0.004
51,PL0012,pdz.3,sh3.3,1,E4,4,E,1,5,7.212,0.00800000000000001
52,PL0012,pdz.3,sh3.3,1,E5,5,E,2,5,6.8005,0.00800000000000001
53,PL0012,pdz.3,sh3.3,1,E6,6,E,3,5,4.9475,0.004
54,PL0012,pdz.3,sh3.3,1,E7,7,E,1,10,6.521,0.00800000000000001
55,PL0012,pdz.3,sh3.3,1,E8,8,E,2,10,5.042,0.00800000000000001
56,PL0012,pdz.3,sh3.3,1,E9,9,E,3,10,4.745,0.004
57,PL0012,pdz.3,sh3.3,1,E10,10,E,1,20,5.8065,0.00800000000000001
58,PL0012,pdz.3,sh3.3,1,E11,11,E,2,20,6.1575,0.012
59,PL0012,pdz.3,sh3.3,1,E12,12,E,3,20,5.0375,0.004
60,PL0012,pdz.1,sh3.3,1,F1,1,F,1,0,7.2115,0.004
61,PL0012,pdz.1,sh3.3,1,F2,2,F,2,0,6.7555,0.004
62,PL0012,pdz.1,sh3.3,1,F3,3,F,3,0,7.4485,0.004
63,PL0012,pdz.1,sh3.3,1,F4,4,F,1,5,6.077,0.004
64,PL0012,pdz.1,sh3.3,1,F5,5,F,2,5,5.696,0.004
65,PL0012,pdz.1,sh3.3,1,F6,6,F,3,5,5.6785,0.004
66,PL0012,pdz.1,sh3.3,1,F7,7,F,1,10,5.703,0.004
67,PL0012,pdz.1,sh3.3,1,F8,8,F,2,10,4.639,0.004
68,PL0012,pdz.1,sh3.3,1,F9,9,F,3,10,5.2185,0.004
69,PL0012,pdz.1,sh3.3,1,F10,10,F,1,20,5.5715,0.004
70,PL0012,pdz.1,sh3.3,1,F11,11,F,2,20,5.2275,0.004
71,PL0012,pdz.1,sh3.3,1,F12,12,F,3,20,5.6115,0.004
72,PL0012,pdz.3,sh3.1,1,G1,1,G,1,0,9.5615,0.00800000000000001
73,PL0012,pdz.3,sh3.1,1,G2,2,G,2,0,9.382,0.00800000000000001
74,PL0012,pdz.3,sh3.1,1,G3,3,G,3,0,9.2165,0.00800000000000001
75,PL0012,pdz.3,sh3.1,1,G4,4,G,1,5,7.9955,0.00800000000000001
76,PL0012,pdz.3,sh3.1,1,G5,5,G,2,5,8.39,0.00800000000000001
77,PL0012,pdz.3,sh3.1,1,G6,6,G,3,5,7.0365,0.012
78,PL0012,pdz.3,sh3.1,1,G7,7,G,1,10,7.291,0.012
79,PL0012,pdz.3,sh3.1,1,G8,8,G,2,10,7.06,0.012
80,PL0012,pdz.3,sh3.1,1,G9,9,G,3,10,5.441,0.00800000000000001
81,PL0012,pdz.3,sh3.1,1,G10,10,G,1,20,7.2515,0.012
82,PL0012,pdz.3,sh3.1,1,G11,11,G,2,20,6.9845,0.012
83,PL0012,pdz.3,sh3.1,1,G12,12,G,3,20,5.896,0.00800000000000001
84,PL0012,pdz.1,sh3.1,1,H1,1,H,1,0,7.4525,0.004
85,PL0012,pdz.1,sh3.1,1,H2,2,H,2,0,6.963,0.004
86,PL0012,pdz.1,sh3.1,1,H3,3,H,3,0,8.405,0.004
87,PL0012,pdz.1,sh3.1,1,H4,4,H,1,5,11.0025,0.012
88,PL0012,pdz.1,sh3.1,1,H5,5,H,2,5,11.7125,0.016
89,PL0012,pdz.1,sh3.1,1,H6,6,H,3,5,11.6145,0.016
90,PL0012,pdz.1,sh3.1,1,H7,7,H,1,10,17.6875,0.04
91,PL0012,pdz.1,sh3.1,1,H8,8,H,2,10,15.8815,0.044
92,PL0012,pdz.1,sh3.1,1,H9,9,H,3,10,20.9275,0.0560000000000001
93,PL0012,pdz.1,sh3.1,1,H10,10,H,1,20,19.9575,0.0599999999999998
94,PL0012,pdz.1,sh3.1,1,H11,11,H,2,20,25.5715,0.0640000000000001
95,PL0012,pdz.1,sh3.1,1,H12,12,H,3,20,26.3795,0.0720000000000001
96,PL0012,sh3.1,pdz.2,2,A1,1,A,1,0,5.6435,0.004
97,PL0012,sh3.1,pdz.2,2,A2,2,A,2,0,8.0865,0.052
98,PL0012,sh3.1,pdz.2,2,A3,3,A,3,0,5.6565,0.004
99,PL0012,sh3.1,pdz.2,2,A4,4,A,1,5,6.075,0.004
100,PL0012,sh3.1,pdz.2,2,A5,5,A,2,5,6.8855,0.004
101,PL0012,sh3.1,pdz.2,2,A6,6,A,3,5,6.538,0.00800000000000001
102,PL0012,sh3.1,pdz.2,2,A7,7,A,1,10,6.344,0.00800000000000001
103,PL0012,sh3.1,pdz.2,2,A8,8,A,2,10,8.2095,0.00800000000000001
104,PL0012,sh3.1,pdz.2,2,A9,9,A,3,10,8.6065,0.00800000000000001
105,PL0012,sh3.1,pdz.2,2,A10,10,A,1,20,6.49,0.00800000000000001
106,PL0012,sh3.1,pdz.2,2,A11,11,A,2,20,9.0035,0.012
107,PL0012,sh3.1,pdz.2,2,A12,12,A,3,20,7.815,0.00800000000000001
108,PL0012,sh3.2,pdz.2,2,B1,1,B,1,0,4.8825,0.004
109,PL0012,sh3.2,pdz.2,2,B2,2,B,2,0,4.4215,0.004
110,PL0012,sh3.2,pdz.2,2,B3,3,B,3,0,5.0215,0.004
111,PL0012,sh3.2,pdz.2,2,B4,4,B,1,5,3.9155,0.004
112,PL0012,sh3.2,pdz.2,2,B5,5,B,2,5,4.3765,0.004
113,PL0012,sh3.2,pdz.2,2,B6,6,B,3,5,5.1075,0.004
114,PL0012,sh3.2,pdz.2,2,B7,7,B,1,10,3.853,0.004
115,PL0012,sh3.2,pdz.2,2,B8,8,B,2,10,4.9005,0.004
116,PL0012,sh3.2,pdz.2,2,B9,9,B,3,10,6.7055,0.00800000000000001
117,PL0012,sh3.2,pdz.2,2,B10,10,B,1,20,4.1315,0.004
118,PL0012,sh3.2,pdz.2,2,B11,11,B,2,20,5.07,0.004
119,PL0012,sh3.2,pdz.2,2,B12,12,B,3,20,6.757,0.004
120,PL0012,sh3.3,pdz.2,2,C1,1,C,1,0,5.718,0.00800000000000001
121,PL0012,sh3.3,pdz.2,2,C2,2,C,2,0,5.7615,0.004
122,PL0012,sh3.3,pdz.2,2,C3,3,C,3,0,9.428,0.02
123,PL0012,sh3.3,pdz.2,2,C4,4,C,1,5,4.2105,0.004
124,PL0012,sh3.3,pdz.2,2,C5,5,C,2,5,5.4365,0.004
125,PL0012,sh3.3,pdz.2,2,C6,6,C,3,5,4.691,0.004
126,PL0012,sh3.3,pdz.2,2,C7,7,C,1,10,3.975,0.004
127,PL0012,sh3.3,pdz.2,2,C8,8,C,2,10,5.9435,0.00799999999999995
128,PL0012,sh3.3,pdz.2,2,C9,9,C,3,10,4.978,0.004
129,PL0012,sh3.3,pdz.2,2,C10,10,C,1,20,4.2685,0.004
130,PL0012,sh3.3,pdz.2,2,C11,11,C,2,20,6.4235,0.00800000000000001
131,PL0012,sh3.3,pdz.2,2,C12,12,C,3,20,5.7965,0.004
132,PL0012,pdz.3,sh3.2,2,D1,1,D,1,0,4.7505,0.004
133,PL0012,pdz.3,sh3.2,2,D2,2,D,2,0,4.399,0.004
134,PL0012,pdz.3,sh3.2,2,D3,3,D,3,0,3.7515,0.004
135,PL0012,pdz.3,sh3.2,2,D4,4,D,1,5,4.586,0.004
136,PL0012,pdz.3,sh3.2,2,D5,5,D,2,5,5.114,0.00800000000000001
137,PL0012,pdz.3,sh3.2,2,D6,6,D,3,5,4.468,0.004
138,PL0012,pdz.3,sh3.2,2,D7,7,D,1,10,4.25,0.004
139,PL0012,pdz.3,sh3.2,2,D8,8,D,2,10,5.534,0.004
140,PL0012,pdz.3,sh3.2,2,D9,9,D,3,10,5.418,0.00800000000000001
141,PL0012,pdz.3,sh3.2,2,D10,10,D,1,20,4.682,0.004
142,PL0012,pdz.3,sh3.2,2,D11,11,D,2,20,6.081,0.00800000000000001
143,PL0012,pdz.3,sh3.2,2,D12,12,D,3,20,6.0745,0.00800000000000001
144,PL0012,sh3.1,sh3.1,2,E1,1,E,1,0,4.9315,0.004
145,PL0012,sh3.1,sh3.1,2,E2,2,E,2,0,6.51,0.00800000000000001
146,PL0012,sh3.1,sh3.1,2,E3,3,E,3,0,4.724,0.004
147,PL0012,sh3.1,sh3.1,2,E4,4,E,1,5,5.2375,0.004
148,PL0012,sh3.1,sh3.1,2,E5,5,E,2,5,5.4715,0.004
149,PL0012,sh3.1,sh3.1,2,E6,6,E,3,5,5.8705,0.00800000000000001
150,PL0012,sh3.1,sh3.1,2,E7,7,E,1,10,6.6855,0.012
151,PL0012,sh3.1,sh3.1,2,E8,8,E,2,10,8.8255,0.016
152,PL0012,sh3.1,sh3.1,2,E9,9,E,3,10,6.6775,0.012
153,PL0012,sh3.1,sh3.1,2,E10,10,E,1,20,7.1635,0.012
154,PL0012,sh3.1,sh3.1,2,E11,11,E,2,20,9.374,0.02
155,PL0012,sh3.1,sh3.1,2,E12,12,E,3,20,9.7215,0.016
156,PL0012,sh3.1,sh3.2,2,F1,1,F,1,0,4.7565,0.004
157,PL0012,sh3.1,sh3.2,2,F2,2,F,2,0,4.9005,0.004
158,PL0012,sh3.1,sh3.2,2,F3,3,F,3,0,4.104,0.004
159,PL0012,sh3.1,sh3.2,2,F4,4,F,1,5,4.669,0.004
160,PL0012,sh3.1,sh3.2,2,F5,5,F,2,5,4.7015,0.004
161,PL0012,sh3.1,sh3.2,2,F6,6,F,3,5,4.4905,0.004
162,PL0012,sh3.1,sh3.2,2,F7,7,F,1,10,4.9085,0.004
163,PL0012,sh3.1,sh3.2,2,F8,8,F,2,10,5.4315,0.00800000000000001
164,PL0012,sh3.1,sh3.2,2,F9,9,F,3,10,5.9085,0.00800000000000001
165,PL0012,sh3.1,sh3.2,2,F10,10,F,1,20,4.75,0.004
166,PL0012,sh3.1,sh3.2,2,F11,11,F,2,20,6.315,0.00800000000000001
167,PL0012,sh3.1,sh3.2,2,F12,12,F,3,20,6.495,0.0279999999999999
168,PL0012,sh3.2,sh3.1,2,G1,1,G,1,0,5.8005,0.004
169,PL0012,sh3.2,sh3.1,2,G2,2,G,2,0,5.0035,0.004
170,PL0012,sh3.2,sh3.1,2,G3,3,G,3,0,5.2035,0.004
171,PL0012,sh3.2,sh3.1,2,G4,4,G,1,5,6.5205,0.012
172,PL0012,sh3.2,sh3.1,2,G5,5,G,2,5,5.3025,0.00800000000000001
173,PL0012,sh3.2,sh3.1,2,G6,6,G,3,5,5.573,0.00800000000000001
174,PL0012,sh3.2,sh3.1,2,G7,7,G,1,10,5.843,0.00800000000000001
175,PL0012,sh3.2,sh3.1,2,G8,8,G,2,10,5.333,0.00800000000000001
176,PL0012,sh3.2,sh3.1,2,G9,9,G,3,10,6.079,0.00800000000000001
177,PL0012,sh3.2,sh3.1,2,G10,10,G,1,20,6.2065,0.012
178,PL0012,sh3.2,sh3.1,2,G11,11,G,2,20,5.935,0.00800000000000001
179,PL0012,sh3.2,sh3.1,2,G12,12,G,3,20,6.2755,0.00800000000000001
180,PL0012,pdz.1,pdz.1,2,H1,1,H,1,0,6.1735,0.004
181,PL0012,pdz.1,pdz.1,2,H2,2,H,2,0,5.69,0.004
182,PL0012,pdz.1,pdz.1,2,H3,3,H,3,0,5.398,0.004
183,PL0012,pdz.1,pdz.1,2,H4,4,H,1,5,5.82,0.004
184,PL0012,pdz.1,pdz.1,2,H5,5,H,2,5,5.4535,0.004
185,PL0012,pdz.1,pdz.1,2,H6,6,H,3,5,5.9,0.004
186,PL0012,pdz.1,pdz.1,2,H7,7,H,1,10,6.036,0.00799999999999995
187,PL0012,pdz.1,pdz.1,2,H8,8,H,2,10,5.848,0.004
188,PL0012,pdz.1,pdz.1,2,H9,9,H,3,10,6.198,0.00800000000000001
189,PL0012,pdz.1,pdz.1,2,H10,10,H,1,20,5.6615,0.004
190,PL0012,pdz.1,pdz.1,2,H11,11,H,2,20,6.627,0.00800000000000001
191,PL0012,pdz.1,pdz.1,2,H12,12,H,3,20,6.7625,0.00800000000000001
192,PL0012,pdz.1,pdz.3,3,A1,1,A,1,0,5.9145,0.004
193,PL0012,pdz.1,pdz.3,3,A2,2,A,2,0,3.883,0.004
194,PL0012,pdz.1,pdz.3,3,A3,3,A,3,0,3.8865,0.004
195,PL0012,pdz.1,pdz.3,3,A4,4,A,1,5,5.353,0.004
196,PL0012,pdz.1,pdz.3,3,A5,5,A,2,5,4.7295,0.004
197,PL0012,pdz.1,pdz.3,3,A6,6,A,3,5,4.073,0.004
198,PL0012,pdz.1,pdz.3,3,A7,7,A,1,10,4.595,0.004
199,PL0012,pdz.1,pdz.3,3,A8,8,A,2,10,4.5125,0.004
200,PL0012,pdz.1,pdz.3,3,A9,9,A,3,10,5.3365,0.004
201,PL0012,pdz.1,pdz.3,3,A10,10,A,1,20,2.6155,0.004
202,PL0012,pdz.1,pdz.3,3,A11,11,A,2,20,4.2705,0.004
203,PL0012,pdz.1,pdz.3,3,A12,12,A,3,20,4.078,0.004
204,PL0012,pdz.3,pdz.3,3,B1,1,B,1,0,9.1695,0.02
205,PL0012,pdz.3,pdz.3,3,B2,2,B,2,0,3.714,0.004
206,PL0012,pdz.3,pdz.3,3,B3,3,B,3,0,3.431,0.004
207,PL0012,pdz.3,pdz.3,3,B4,4,B,1,5,6.7515,0.016
208,PL0012,pdz.3,pdz.3,3,B5,5,B,2,5,4.391,0.004
209,PL0012,pdz.3,pdz.3,3,B6,6,B,3,5,4.2325,0.00800000000000001
210,PL0012,pdz.3,pdz.3,3,B7,7,B,1,10,5.0705,0.00800000000000001
211,PL0012,pdz.3,pdz.3,3,B8,8,B,2,10,4.6565,0.00800000000000001
212,PL0012,pdz.3,pdz.3,3,B9,9,B,3,10,4.7395,0.004
213,PL0012,pdz.3,pdz.3,3,B10,10,B,1,20,2.371,0.004
214,PL0012,pdz.3,pdz.3,3,B11,11,B,2,20,3.8215,0.004
215,PL0012,pdz.3,pdz.3,3,B12,12,B,3,20,4.532,0.004
216,PL0012,pdz.1,sh3.2,3,C1,1,C,1,0,5.407,0.004
217,PL0012,pdz.1,sh3.2,3,C2,2,C,2,0,3.066,0.004
218,PL0012,pdz.1,sh3.2,3,C3,3,C,3,0,3.391,0.004
219,PL0012,pdz.1,sh3.2,3,C4,4,C,1,5,3.821,0.004
220,PL0012,pdz.1,sh3.2,3,C5,5,C,2,5,3.5395,0.004
221,PL0012,pdz.1,sh3.2,3,C6,6,C,3,5,3.724,0.004
222,PL0012,pdz.1,sh3.2,3,C7,7,C,1,10,3.098,0.004
223,PL0012,pdz.1,sh3.2,3,C8,8,C,2,10,3.478,0.004
224,PL0012,pdz.1,sh3.2,3,C9,9,C,3,10,4.06,0.004
225,PL0012,pdz.1,sh3.2,3,C10,10,C,1,20,1.6105,0.004
226,PL0012,pdz.1,sh3.2,3,C11,11,C,2,20,3.4535,0.004
227,PL0012,pdz.1,sh3.2,3,C12,12,C,3,20,3.7055,0.004
228,PL0012,sh3.2,pdz.1,3,D1,1,D,1,0,6.661,0.004
229,PL0012,sh3.2,pdz.1,3,D2,2,D,2,0,3.4925,0.004
230,PL0012,sh3.2,pdz.1,3,D3,3,D,3,0,3.291,0.004
231,PL0012,sh3.2,pdz.1,3,D4,4,D,1,5,3.5895,0.004
232,PL0012,sh3.2,pdz.1,3,D5,5,D,2,5,3.593,0.004
233,PL0012,sh3.2,pdz.1,3,D6,6,D,3,5,4.0425,0.004
234,PL0012,sh3.2,pdz.1,3,D7,7,D,1,10,3.286,0.004
235,PL0012,sh3.2,pdz.1,3,D8,8,D,2,10,4.031,0.004
236,PL0012,sh3.2,pdz.1,3,D9,9,D,3,10,4.4495,0.004
237,PL0012,sh3.2,pdz.1,3,D10,10,D,1,20,2.1845,0.004
238,PL0012,sh3.2,pdz.1,3,D11,11,D,2,20,3.773,0.004
239,PL0012,sh3.2,pdz.1,3,D12,12,D,3,20,4.3415,0.004
240,PL0012,empty,empty,3,E1,1,E,1,0,4.908,0.004
241,PL0012,empty,empty,3,E2,2,E,2,0,4.0355,0.004
242,PL0012,empty,empty,3,E3,3,E,3,0,2.624,0.004
243,PL0012,empty,empty,3,E4,4,E,1,5,3.149,0.004
244,PL0012,empty,empty,3,E5,5,E,2,5,4.3815,0.004
245,PL0012,empty,empty,3,E6,6,E,3,5,3.181,0.004
246,PL0012,empty,empty,3,E7,7,E,1,10,1.7885,0.004
247,PL0012,empty,empty,3,E8,8,E,2,10,4.407,0.004
248,PL0012,empty,empty,3,E9,9,E,3,10,3.616,0.004
249,PL0012,empty,empty,3,E10,10,E,1,20,1.4545,0.004
250,PL0012,empty,empty,3,E11,11,E,2,20,3.9545,0.004
251,PL0012,empty,empty,3,E12,12,E,3,20,3.886,0.004
252,PL0013,sh3.1,pdz.1,3,F1,1,F,1,0,7.542,0.00800000000000001
253,PL0013,sh3.1,pdz.1,3,F2,2,F,2,0,4.9115,0.004
254,PL0013,sh3.1,pdz.1,3,F3,3,F,3,0,3.198,0.004
255,PL0013,sh3.1,pdz.1,3,F4,4,F,1,5,17.938,0.044
256,PL0013,sh3.1,pdz.1,3,F5,5,F,2,5,13.705,0.028
257,PL0013,sh3.1,pdz.1,3,F6,6,F,3,5,11.37,0.028
258,PL0013,sh3.1,pdz.1,3,F7,7,F,1,10,26.9615,0.0679999999999996
259,PL0013,sh3.1,pdz.1,3,F8,8,F,2,10,24.8335,0.0600000000000001
260,PL0013,sh3.1,pdz.1,3,F9,9,F,3,10,24.744,0.0680000000000001
261,PL0013,sh3.1,pdz.1,3,F10,10,F,1,20,27.0305,0.0760000000000001
262,PL0013,sh3.1,pdz.1,3,F11,11,F,2,20,37.659,0.0800000000000001
263,PL0013,sh3.1,pdz.1,3,F12,12,F,3,20,33.8555,0.0720000000000001
264,PL0013,sh3.3,pdz.3,3,G1,1,G,1,0,8.237,0.012
265,PL0013,sh3.3,pdz.3,3,G2,2,G,2,0,7.473,0.028
266,PL0013,sh3.3,pdz.3,3,G3,3,G,3,0,4.3165,0.004
267,PL0013,sh3.3,pdz.3,3,G4,4,G,1,5,7.6875,0.016
268,PL0013,sh3.3,pdz.3,3,G5,5,G,2,5,4.891,0.00800000000000001
269,PL0013,sh3.3,pdz.3,3,G6,6,G,3,5,5.7915,0.016
270,PL0013,sh3.3,pdz.3,3,G7,7,G,1,10,4.1615,0.004
271,PL0013,sh3.3,pdz.3,3,G8,8,G,2,10,4.508,0.00800000000000001
272,PL0013,sh3.3,pdz.3,3,G9,9,G,3,10,5.2525,0.00800000000000001
273,PL0013,sh3.3,pdz.3,3,G10,10,G,1,20,2.205,0.004
274,PL0013,sh3.3,pdz.3,3,G11,11,G,2,20,4.5125,0.00800000000000001
275,PL0013,sh3.3,pdz.3,3,G12,12,G,3,20,4.956,0.004
276,PL0013,sh3.1,pdz.3,3,H1,1,H,1,0,7.874,0.00800000000000001
277,PL0013,sh3.1,pdz.3,3,H2,2,H,2,0,6.192,0.00800000000000001
278,PL0013,sh3.1,pdz.3,3,H3,3,H,3,0,4.3185,0.004
279,PL0013,sh3.1,pdz.3,3,H4,4,H,1,5,9.1605,0.012
280,PL0013,sh3.1,pdz.3,3,H5,5,H,2,5,7.039,0.00800000000000001
281,PL0013,sh3.1,pdz.3,3,H6,6,H,3,5,4.5975,0.004
282,PL0013,sh3.1,pdz.3,3,H7,7,H,1,10,6.3225,0.00800000000000001
283,PL0013,sh3.1,pdz.3,3,H8,8,H,2,10,7.891,0.016
284,PL0013,sh3.1,pdz.3,3,H9,9,H,3,10,5.6285,0.012
285,PL0013,sh3.1,pdz.3,3,H10,10,H,1,20,3.357,0.00800000000000001
286,PL0013,sh3.1,pdz.3,3,H11,11,H,2,20,9.2925,0.024
287,PL0013,sh3.1,pdz.3,3,H12,12,H,3,20,5.8465,0.016
288,PL0013,sh3.3,pdz.1,4,A1,1,A,1,0,4.756,0.004
289,PL0013,sh3.3,pdz.1,4,A2,2,A,2,0,4.727,0.004
290,PL0013,sh3.3,pdz.1,4,A3,3,A,3,0,4.415,0.004
291,PL0013,sh3.3,pdz.1,4,A4,4,A,1,5,5.525,0.004
292,PL0013,sh3.3,pdz.1,4,A5,5,A,2,5,5.532,0.004
293,PL0013,sh3.3,pdz.1,4,A6,6,A,3,5,5.127,0.00800000000000001
294,PL0013,sh3.3,pdz.1,4,A7,7,A,1,10,5.624,0.00800000000000001
295,PL0013,sh3.3,pdz.1,4,A8,8,A,2,10,4.908,0.004
296,PL0013,sh3.3,pdz.1,4,A9,9,A,3,10,4.9905,0.00800000000000001
297,PL0013,sh3.3,pdz.1,4,A10,10,A,1,20,7.4645,0.016
298,PL0013,sh3.3,pdz.1,4,A11,11,A,2,20,5.4295,0.00800000000000001
299,PL0013,sh3.3,pdz.1,4,A12,12,A,3,20,5.0845,0.004
300,PL0013,pdz.3,sh3.3,4,B1,1,B,1,0,4.3125,0.004
301,PL0013,pdz.3,sh3.3,4,B2,2,B,2,0,3.162,0.004
302,PL0013,pdz.3,sh3.3,4,B3,3,B,3,0,3.8865,0.004
303,PL0013,pdz.3,sh3.3,4,B4,4,B,1,5,3.703,0.004
304,PL0013,pdz.3,sh3.3,4,B5,5,B,2,5,3.4015,0.004
305,PL0013,pdz.3,sh3.3,4,B6,6,B,3,5,3.722,0.004
306,PL0013,pdz.3,sh3.3,4,B7,7,B,1,10,3.7085,0.004
307,PL0013,pdz.3,sh3.3,4,B8,8,B,2,10,3.152,0.004
308,PL0013,pdz.3,sh3.3,4,B9,9,B,3,10,3.656,0.004
309,PL0013,pdz.3,sh3.3,4,B10,10,B,1,20,3.663,0.004
310,PL0013,pdz.3,sh3.3,4,B11,11,B,2,20,3.17,0.004
311,PL0013,pdz.3,sh3.3,4,B12,12,B,3,20,3.955,0.004
312,PL0013,pdz.1,sh3.3,4,C1,1,C,1,0,3.7025,0.004
313,PL0013,pdz.1,sh3.3,4,C2,2,C,2,0,3.464,0.004
314,PL0013,pdz.1,sh3.3,4,C3,3,C,3,0,4.8465,0.004
315,PL0013,pdz.1,sh3.3,4,C4,4,C,1,5,3.4695,0.004
316,PL0013,pdz.1,sh3.3,4,C5,5,C,2,5,3.207,0.004
317,PL0013,pdz.1,sh3.3,4,C6,6,C,3,5,4.0895,0.004
318,PL0013,pdz.1,sh3.3,4,C7,7,C,1,10,3.663,0.004
319,PL0013,pdz.1,sh3.3,4,C8,8,C,2,10,3.24,0.004
320,PL0013,pdz.1,sh3.3,4,C9,9,C,3,10,4.0515,0.004
321,PL0013,pdz.1,sh3.3,4,C10,10,C,1,20,3.425,0.004
322,PL0013,pdz.1,sh3.3,4,C11,11,C,2,20,2.956,0.004
323,PL0013,pdz.1,sh3.3,4,C12,12,C,3,20,5.1205,0.00800000000000001
324,PL0013,pdz.3,sh3.1,4,D1,1,D,1,0,4.5275,0.004
325,PL0013,pdz.3,sh3.1,4,D2,2,D,2,0,2.7875,0.004
326,PL0013,pdz.3,sh3.1,4,D3,3,D,3,0,4.1155,0.004
327,PL0013,pdz.3,sh3.1,4,D4,4,D,1,5,3.993,0.004
328,PL0013,pdz.3,sh3.1,4,D5,5,D,2,5,3.6555,0.004
329,PL0013,pdz.3,sh3.1,4,D6,6,D,3,5,3.9335,0.004
330,PL0013,pdz.3,sh3.1,4,D7,7,D,1,10,3.718,0.004
331,PL0013,pdz.3,sh3.1,4,D8,8,D,2,10,2.8745,0.004
332,PL0013,pdz.3,sh3.1,4,D9,9,D,3,10,4.0665,0.004
333,PL0013,pdz.3,sh3.1,4,D10,10,D,1,20,4.196,0.004
334,PL0013,pdz.3,sh3.1,4,D11,11,D,2,20,3.689,0.00800000000000001
335,PL0013,pdz.3,sh3.1,4,D12,12,D,3,20,4.2665,0.00800000000000001
336,PL0013,pdz.1,sh3.1,4,E1,1,E,1,0,3.84,0.004
337,PL0013,pdz.1,sh3.1,4,E2,2,E,2,0,3.011,0.004
338,PL0013,pdz.1,sh3.1,4,E3,3,E,3,0,3.7245,0.004
339,PL0013,pdz.1,sh3.1,4,E4,4,E,1,5,6.741,0.012
340,PL0013,pdz.1,sh3.1,4,E5,5,E,2,5,4.549,0.00800000000000001
341,PL0013,pdz.1,sh3.1,4,E6,6,E,3,5,6.369,0.00800000000000001
342,PL0013,pdz.1,sh3.1,4,E7,7,E,1,10,12.5005,0.032
343,PL0013,pdz.1,sh3.1,4,E8,8,E,2,10,7.189,0.02
344,PL0013,pdz.1,sh3.1,4,E9,9,E,3,10,9.031,0.024
345,PL0013,pdz.1,sh3.1,4,E10,10,E,1,20,18.7545,0.0680000000000001
346,PL0013,pdz.1,sh3.1,4,E11,11,E,2,20,10.8875,0.052
347,PL0013,pdz.1,sh3.1,4,E12,12,E,3,20,15.008,0.0720000000000001
348,PL0013,sh3.1,pdz.2,4,F1,1,F,1,0,3.7175,0.004
349,PL0013,sh3.1,pdz.2,4,F2,2,F,2,0,4.0565,0.004
350,PL0013,sh3.1,pdz.2,4,F3,3,F,3,0,4.4205,0.004
351,PL0013,sh3.1,pdz.2,4,F4,4,F,1,5,4.688,0.00800000000000001
352,PL0013,sh3.1,pdz.2,4,F5,5,F,2,5,3.83,0.004
353,PL0013,sh3.1,pdz.2,4,F6,6,F,3,5,4.148,0.004
354,PL0013,sh3.1,pdz.2,4,F7,7,F,1,10,4.382,0.00800000000000001
355,PL0013,sh3.1,pdz.2,4,F8,8,F,2,10,4.432,0.004
356,PL0013,sh3.1,pdz.2,4,F9,9,F,3,10,4.5825,0.004
357,PL0013,sh3.1,pdz.2,4,F10,10,F,1,20,5.372,0.012
358,PL0013,sh3.1,pdz.2,4,F11,11,F,2,20,4.0865,0.00800000000000001
359,PL0013,sh3.1,pdz.2,4,F12,12,F,3,20,5.2405,0.00800000000000001
360,PL0013,sh3.2,pdz.2,4,G1,1,G,1,0,4.0195,0.004
361,PL0013,sh3.2,pdz.2,4,G2,2,G,2,0,4.4275,0.004
362,PL0013,sh3.2,pdz.2,4,G3,3,G,3,0,4.8905,0.0079999999999999
363,PL0013,sh3.2,pdz.2,4,G4,4,G,1,5,3.65,0.004
364,PL0013,sh3.2,pdz.2,4,G5,5,G,2,5,3.7825,0.004
365,PL0013,sh3.2,pdz.2,4,G6,6,G,3,5,4.3875,0.004
366,PL0013,sh3.2,pdz.2,4,G7,7,G,1,10,3.462,0.004
367,PL0013,sh3.2,pdz.2,4,G8,8,G,2,10,4.017,0.004
368,PL0013,sh3.2,pdz.2,4,G9,9,G,3,10,4.1215,0.0239999999999999
369,PL0013,sh3.2,pdz.2,4,G10,10,G,1,20,3.396,0.004
370,PL0013,sh3.2,pdz.2,4,G11,11,G,2,20,3.0195,0.004
371,PL0013,sh3.2,pdz.2,4,G12,12,G,3,20,4.0745,0.004
372,PL0013,sh3.3,pdz.2,4,H1,1,H,1,0,3.4565,0.004
373,PL0013,sh3.3,pdz.2,4,H2,2,H,2,0,4.9165,0.004
374,PL0013,sh3.3,pdz.2,4,H3,3,H,3,0,6.3505,0.004
375,PL0013,sh3.3,pdz.2,4,H4,4,H,1,5,4.311,0.004
376,PL0013,sh3.3,pdz.2,4,H5,5,H,2,5,4.643,0.004
377,PL0013,sh3.3,pdz.2,4,H6,6,H,3,5,6.121,0.004
378,PL0013,sh3.3,pdz.2,4,H7,7,H,1,10,3.7705,0.004
379,PL0013,sh3.3,pdz.2,4,H8,8,H,2,10,4.647,0.004
380,PL0013,sh3.3,pdz.2,4,H9,9,H,3,10,5.7405,0.004
381,PL0013,sh3.3,pdz.2,4,H10,10,H,1,20,3.8815,0.004
382,PL0013,sh3.3,pdz.2,4,H11,11,H,2,20,3.4585,0.004
383,PL0013,sh3.3,pdz.2,4,H12,12,H,3,20,4.75,0.004
384,PL0013,pdz.3,sh3.2,5,A1,1,A,1,0,3.979,0.004
385,PL0013,pdz.3,sh3.2,5,A2,2,A,2,0,3.376,0.004
386,PL0013,pdz.3,sh3.2,5,A3,3,A,3,0,3.0325,0.004
387,PL0013,pdz.3,sh3.2,5,A4,4,A,1,5,5.6105,0.024
388,PL0013,pdz.3,sh3.2,5,A5,5,A,2,5,4.505,0.004
389,PL0013,pdz.3,sh3.2,5,A6,6,A,3,5,2.695,0.004
390,PL0013,pdz.3,sh3.2,5,A7,7,A,1,10,3.425,0.004
391,PL0013,pdz.3,sh3.2,5,A8,8,A,2,10,4.3825,0.004
392,PL0013,pdz.3,sh3.2,5,A9,9,A,3,10,3.4925,0.004
393,PL0013,pdz.3,sh3.2,5,A10,10,A,1,20,3.488,0.004
394,PL0013,pdz.3,sh3.2,5,A11,11,A,2,20,3.9765,0.004
395,PL0013,pdz.3,sh3.2,5,A12,12,A,3,20,3.1745,0.004
396,PL0013,sh3.1,sh3.1,5,B1,1,B,1,0,3.5075,0.004
397,PL0013,sh3.1,sh3.1,5,B2,2,B,2,0,2.642,0.004
398,PL0013,sh3.1,sh3.1,5,B3,3,B,3,0,2.5345,0.004
399,PL0013,sh3.1,sh3.1,5,B4,4,B,1,5,4.215,0.00800000000000001
400,PL0013,sh3.1,sh3.1,5,B5,5,B,2,5,3.753,0.004
401,PL0013,sh3.1,sh3.1,5,B6,6,B,3,5,4.044,0.004
402,PL0013,sh3.1,sh3.1,5,B7,7,B,1,10,4.1835,0.00800000000000001
403,PL0013,sh3.1,sh3.1,5,B8,8,B,2,10,3.6215,0.004
404,PL0013,sh3.1,sh3.1,5,B9,9,B,3,10,4.0155,0.004
405,PL0013,sh3.1,sh3.1,5,B10,10,B,1,20,4.6525,0.012
406,PL0013,sh3.1,sh3.1,5,B11,11,B,2,20,3.98,0.00800000000000001
407,PL0013,sh3.1,sh3.1,5,B12,12,B,3,20,4.372,0.00800000000000001
408,PL0013,sh3.1,sh3.2,5,C1,1,C,1,0,3.0165,0.004
409,PL0013,sh3.1,sh3.2,5,C2,2,C,2,0,2.9485,0.004
410,PL0013,sh3.1,sh3.2,5,C3,3,C,3,0,2.2115,0.004
411,PL0013,sh3.1,sh3.2,5,C4,4,C,1,5,2.916,0.004
412,PL0013,sh3.1,sh3.2,5,C5,5,C,2,5,3.602,0.004
413,PL0013,sh3.1,sh3.2,5,C6,6,C,3,5,3.279,0.004
414,PL0013,sh3.1,sh3.2,5,C7,7,C,1,10,2.7145,0.004
415,PL0013,sh3.1,sh3.2,5,C8,8,C,2,10,3.018,0.004
416,PL0013,sh3.1,sh3.2,5,C9,9,C,3,10,3.532,0.004
417,PL0013,sh3.1,sh3.2,5,C10,10,C,1,20,2.881,0.004
418,PL0013,sh3.1,sh3.2,5,C11,11,C,2,20,3.1765,0.004
419,PL0013,sh3.1,sh3.2,5,C12,12,C,3,20,3.6705,0.004
420,PL0013,sh3.2,sh3.1,5,D1,1,D,1,0,3.0095,0.004
421,PL0013,sh3.2,sh3.1,5,D2,2,D,2,0,2.5555,0.004
422,PL0013,sh3.2,sh3.1,5,D3,3,D,3,0,3.015,0.004
423,PL0013,sh3.2,sh3.1,5,D4,4,D,1,5,3.897,0.00800000000000001
424,PL0013,sh3.2,sh3.1,5,D5,5,D,2,5,2.886,0.004
425,PL0013,sh3.2,sh3.1,5,D6,6,D,3,5,3.458,0.00800000000000001
426,PL0013,sh3.2,sh3.1,5,D7,7,D,1,10,2.7765,0.004
427,PL0013,sh3.2,sh3.1,5,D8,8,D,2,10,3.2795,0.00800000000000001
428,PL0013,sh3.2,sh3.1,5,D9,9,D,3,10,3.7195,0.004
429,PL0013,sh3.2,sh3.1,5,D10,10,D,1,20,2.999,0.004
430,PL0013,sh3.2,sh3.1,5,D11,11,D,2,20,2.5915,0.004
431,PL0013,sh3.2,sh3.1,5,D12,12,D,3,20,3.6585,0.004
432,PL0013,pdz.1,pdz.1,5,E1,1,E,1,0,2.9215,0.004
433,PL0013,pdz.1,pdz.1,5,E2,2,E,2,0,2.0325,0.004
434,PL0013,pdz.1,pdz.1,5,E3,3,E,3,0,2.082,0.004
435,PL0013,pdz.1,pdz.1,5,E4,4,E,1,5,2.329,0.004
436,PL0013,pdz.1,pdz.1,5,E5,5,E,2,5,2.704,0.004
437,PL0013,pdz.1,pdz.1,5,E6,6,E,3,5,3.197,0.004
438,PL0013,pdz.1,pdz.1,5,E7,7,E,1,10,2.399,0.004
439,PL0013,pdz.1,pdz.1,5,E8,8,E,2,10,2.5565,0.004
440,PL0013,pdz.1,pdz.1,5,E9,9,E,3,10,2.7265,0.004
441,PL0013,pdz.1,pdz.1,5,E10,10,E,1,20,2.244,0.004
442,PL0013,pdz.1,pdz.1,5,E11,11,E,2,20,2.267,0.004
443,PL0013,pdz.1,pdz.1,5,E12,12,E,3,20,3.4095,0.004
444,PL0013,pdz.1,pdz.3,5,F1,1,F,1,0,2.645,0.004
445,PL0013,pdz.1,pdz.3,5,F2,2,F,2,0,3.272,0.004
446,PL0013,pdz.1,pdz.3,5,F3,3,F,3,0,2.335,0.004
447,PL0013,pdz.1,pdz.3,5,F4,4,F,1,5,2.8635,0.004
448,PL0013,pdz.1,pdz.3,5,F5,5,F,2,5,3.344,0.004
449,PL0013,pdz.1,pdz.3,5,F6,6,F,3,5,3.2025,0.004
450,PL0013,pdz.1,pdz.3,5,F7,7,F,1,10,2.5395,0.004
451,PL0013,pdz.1,pdz.3,5,F8,8,F,2,10,3.2215,0.004
452,PL0013,pdz.1,pdz.3,5,F9,9,F,3,10,2.8465,0.004
453,PL0013,pdz.1,pdz.3,5,F10,10,F,1,20,3.3115,0.00800000000000001
454,PL0013,pdz.1,pdz.3,5,F11,11,F,2,20,2.5745,0.004
455,PL0013,pdz.1,pdz.3,5,F12,12,F,3,20,3.6225,0.004
456,PL0013,pdz.3,pdz.3,5,G1,1,G,1,0,3.159,0.004
457,PL0013,pdz.3,pdz.3,5,G2,2,G,2,0,4.3345,0.012
458,PL0013,pdz.3,pdz.3,5,G3,3,G,3,0,3.1055,0.00800000000000001
459,PL0013,pdz.3,pdz.3,5,G4,4,G,1,5,3.4895,0.00800000000000001
460,PL0013,pdz.3,pdz.3,5,G5,5,G,2,5,4.189,0.00800000000000001
461,PL0013,pdz.3,pdz.3,5,G6,6,G,3,5,3.4485,0.004
462,PL0013,pdz.3,pdz.3,5,G7,7,G,1,10,3.847,0.012
463,PL0013,pdz.3,pdz.3,5,G8,8,G,2,10,3.0355,0.004
464,PL0013,pdz.3,pdz.3,5,G9,9,G,3,10,4.125,0.00800000000000001
465,PL0013,pdz.3,pdz.3,5,G10,10,G,1,20,2.393,0.004
466,PL0013,pdz.3,pdz.3,5,G11,11,G,2,20,2.839,0.004
467,PL0013,pdz.3,pdz.3,5,G12,12,G,3,20,4.053,0.00800000000000001
468,PL0013,pdz.1,sh3.2,5,H1,1,H,1,0,3.2125,0.004
469,PL0013,pdz.1,sh3.2,5,H2,2,H,2,0,3.5395,0.004
470,PL0013,pdz.1,sh3.2,5,H3,3,H,3,0,3.4815,0.004
471,PL0013,pdz.1,sh3.2,5,H4,4,H,1,5,3.7235,0.004
472,PL0013,pdz.1,sh3.2,5,H5,5,H,2,5,4.435,0.004
473,PL0013,pdz.1,sh3.2,5,H6,6,H,3,5,3.7895,0.004
474,PL0013,pdz.1,sh3.2,5,H7,7,H,1,10,3.4515,0.004
475,PL0013,pdz.1,sh3.2,5,H8,8,H,2,10,4.3155,0.004
476,PL0013,pdz.1,sh3.2,5,H9,9,H,3,10,4.508,0.004
477,PL0013,pdz.1,sh3.2,5,H10,10,H,1,20,3.0585,0.004
478,PL0013,pdz.1,sh3.2,5,H11,11,H,2,20,4.1055,0.004
479,PL0013,pdz.1,sh3.2,5,H12,12,H,3,20,4.1315,0.004
480,PL0013,sh3.2,pdz.1,6,A1,1,A,1,0,3.23,0.004
481,PL0013,sh3.2,pdz.1,6,A2,2,A,2,0,3.894,0.004
482,PL0013,sh3.2,pdz.1,6,A3,3,A,3,0,4.1045,0.004
483,PL0013,sh3.2,pdz.1,6,A4,4,A,1,5,3.471,0.004
484,PL0013,sh3.2,pdz.1,6,A5,5,A,2,5,3.399,0.004
485,PL0013,sh3.2,pdz.1,6,A6,6,A,3,5,4.3605,0.004
486,PL0013,sh3.2,pdz.1,6,A7,7,A,1,10,3.2235,0.004
487,PL0013,sh3.2,pdz.1,6,A8,8,A,2,10,4.243,0.004
488,PL0013,sh3.2,pdz.1,6,A9,9,A,3,10,4.6585,0.004
489,PL0013,sh3.2,pdz.1,6,A10,10,A,1,20,3.585,0.00800000000000001
490,PL0013,sh3.2,pdz.1,6,A11,11,A,2,20,4.323,0.012
491,PL0013,sh3.2,pdz.1,6,A12,12,A,3,20,4.112,0.004
492,PL0013,empty,empty,6,B1,1,B,1,0,2.7345,0.004
493,PL0013,empty,empty,6,B2,2,B,2,0,3.333,0.004
494,PL0013,empty,empty,6,B3,3,B,3,0,2.265,0.004
495,PL0013,empty,empty,6,B4,4,B,1,5,2.117,0.004
496,PL0013,empty,empty,6,B5,5,B,2,5,2.489,0.024
497,PL0013,empty,empty,6,B6,6,B,3,5,3.434,0.004
498,PL0013,empty,empty,6,B7,7,B,1,10,2.153,0.004
499,PL0013,empty,empty,6,B8,8,B,2,10,3.0225,0.004
500,PL0013,empty,empty,6,B9,9,B,3,10,2.2985,0.004
501,PL0013,empty,empty,6,B10,10,B,1,20,1.879,0.00799999999999995
502,PL0013,empty,empty,6,B11,11,B,2,20,3.011,0.004
503,PL0013,empty,empty,6,B12,12,B,3,20,3.5315,0.004
504,PL0014,sh3.1,pdz.1,6,C1,1,C,1,0,2.052,0.004
505,PL0014,sh3.1,pdz.1,6,C2,2,C,2,0,2.585,0.004
506,PL0014,sh3.1,pdz.1,6,C3,3,C,3,0,2.4905,0.004
507,PL0014,sh3.1,pdz.1,6,C4,4,C,1,5,5.065,0.012
508,PL0014,sh3.1,pdz.1,6,C5,5,C,2,5,6.3675,0.012
509,PL0014,sh3.1,pdz.1,6,C6,6,C,3,5,11.643,0.028
510,PL0014,sh3.1,pdz.1,6,C7,7,C,1,10,9.683,0.036
511,PL0014,sh3.1,pdz.1,6,C8,8,C,2,10,9.253,0.028
512,PL0014,sh3.1,pdz.1,6,C9,9,C,3,10,13.328,0.052
513,PL0014,sh3.1,pdz.1,6,C10,10,C,1,20,20.0065,0.0800000000000001
514,PL0014,sh3.1,pdz.1,6,C11,11,C,2,20,20.293,0.0720000000000001
515,PL0014,sh3.1,pdz.1,6,C12,12,C,3,20,33.4965,0.0760000000000001
516,PL0014,sh3.3,pdz.3,6,D1,1,D,1,0,2.976,0.004
517,PL0014,sh3.3,pdz.3,6,D2,2,D,2,0,4.001,0.004
518,PL0014,sh3.3,pdz.3,6,D3,3,D,3,0,2.296,0.004
519,PL0014,sh3.3,pdz.3,6,D4,4,D,1,5,1.959,0.004
520,PL0014,sh3.3,pdz.3,6,D5,5,D,2,5,2.9455,0.004
521,PL0014,sh3.3,pdz.3,6,D6,6,D,3,5,2.83,0.004
522,PL0014,sh3.3,pdz.3,6,D7,7,D,1,10,3.1405,0.00800000000000001
523,PL0014,sh3.3,pdz.3,6,D8,8,D,2,10,2.8945,0.004
524,PL0014,sh3.3,pdz.3,6,D9,9,D,3,10,2.1955,0.004
525,PL0014,sh3.3,pdz.3,6,D10,10,D,1,20,2.279,0.004
526,PL0014,sh3.3,pdz.3,6,D11,11,D,2,20,2.9355,0.004
527,PL0014,sh3.3,pdz.3,6,D12,12,D,3,20,2.7,0.004
528,PL0014,sh3.1,pdz.3,6,E1,1,E,1,0,2.7135,0.004
529,PL0014,sh3.1,pdz.3,6,E2,2,E,2,0,2.4145,0.004
530,PL0014,sh3.1,pdz.3,6,E3,3,E,3,0,2.358,0.004
531,PL0014,sh3.1,pdz.3,6,E4,4,E,1,5,2.2015,0.004
532,PL0014,sh3.1,pdz.3,6,E5,5,E,2,5,1.9905,0.004
533,PL0014,sh3.1,pdz.3,6,E6,6,E,3,5,3.1995,0.004
534,PL0014,sh3.1,pdz.3,6,E7,7,E,1,10,2.5365,0.004
535,PL0014,sh3.1,pdz.3,6,E8,8,E,2,10,2.7325,0.004
536,PL0014,sh3.1,pdz.3,6,E9,9,E,3,10,2.337,0.004
537,PL0014,sh3.1,pdz.3,6,E10,10,E,1,20,4.002,0.00800000000000001
538,PL0014,sh3.1,pdz.3,6,E11,11,E,2,20,2.199,0.004
539,PL0014,sh3.1,pdz.3,6,E12,12,E,3,20,4.145,0.012
540,PL0014,sh3.3,pdz.1,6,F1,1,F,1,0,2.1215,0.004
541,PL0014,sh3.3,pdz.1,6,F2,2,F,2,0,3.9955,0.004
542,PL0014,sh3.3,pdz.1,6,F3,3,F,3,0,2.5915,0.004
543,PL0014,sh3.3,pdz.1,6,F4,4,F,1,5,1.912,0.004
544,PL0014,sh3.3,pdz.1,6,F5,5,F,2,5,2.7455,0.004
545,PL0014,sh3.3,pdz.1,6,F6,6,F,3,5,2.8515,0.004
546,PL0014,sh3.3,pdz.1,6,F7,7,F,1,10,2.1645,0.004
547,PL0014,sh3.3,pdz.1,6,F8,8,F,2,10,2.7685,0.004
548,PL0014,sh3.3,pdz.1,6,F9,9,F,3,10,2.014,0.004
549,PL0014,sh3.3,pdz.1,6,F10,10,F,1,20,4.2975,0.00800000000000001
550,PL0014,sh3.3,pdz.1,6,F11,11,F,2,20,3.702,0.00800000000000001
551,PL0014,sh3.3,pdz.1,6,F12,12,F,3,20,3.1335,0.004
552,PL0014,pdz.3,sh3.3,6,G1,1,G,1,0,2.5555,0.004
553,PL0014,pdz.3,sh3.3,6,G2,2,G,2,0,3.405,0.004
554,PL0014,pdz.3,sh3.3,6,G3,3,G,3,0,3.068,0.004
555,PL0014,pdz.3,sh3.3,6,G4,4,G,1,5,2.0125,0.004
556,PL0014,pdz.3,sh3.3,6,G5,5,G,2,5,2.674,0.004
557,PL0014,pdz.3,sh3.3,6,G6,6,G,3,5,2.955,0.004
558,PL0014,pdz.3,sh3.3,6,G7,7,G,1,10,2.467,0.004
559,PL0014,pdz.3,sh3.3,6,G8,8,G,2,10,3.636,0.00800000000000001
560,PL0014,pdz.3,sh3.3,6,G9,9,G,3,10,2.0705,0.004
561,PL0014,pdz.3,sh3.3,6,G10,10,G,1,20,2.245,0.004
562,PL0014,pdz.3,sh3.3,6,G11,11,G,2,20,2.622,0.004
563,PL0014,pdz.3,sh3.3,6,G12,12,G,3,20,2.578,0.004
564,PL0014,pdz.1,sh3.3,6,H1,1,H,1,0,3.004,0.004
565,PL0014,pdz.1,sh3.3,6,H2,2,H,2,0,4.8115,0.00800000000000001
566,PL0014,pdz.1,sh3.3,6,H3,3,H,3,0,3.3145,0.004
567,PL0014,pdz.1,sh3.3,6,H4,4,H,1,5,2.9245,0.004
568,PL0014,pdz.1,sh3.3,6,H5,5,H,2,5,4.1925,0.004
569,PL0014,pdz.1,sh3.3,6,H6,6,H,3,5,3.495,0.004
570,PL0014,pdz.1,sh3.3,6,H7,7,H,1,10,3.2135,0.004
571,PL0014,pdz.1,sh3.3,6,H8,8,H,2,10,3.609,0.004
572,PL0014,pdz.1,sh3.3,6,H9,9,H,3,10,3.4535,0.004
573,PL0014,pdz.1,sh3.3,6,H10,10,H,1,20,3.7145,0.004
574,PL0014,pdz.1,sh3.3,6,H11,11,H,2,20,3.234,0.004
575,PL0014,pdz.1,sh3.3,6,H12,12,H,3,20,3.2455,0.004
576,PL0014,pdz.3,sh3.1,7,A1,1,A,1,0,6.8615,0.00800000000000001
577,PL0014,pdz.3,sh3.1,7,A2,2,A,2,0,5.014,0.004
578,PL0014,pdz.3,sh3.1,7,A3,3,A,3,0,6.007,0.00800000000000001
579,PL0014,pdz.3,sh3.1,7,A4,4,A,1,5,6.972,0.00800000000000001
580,PL0014,pdz.3,sh3.1,7,A5,5,A,2,5,8.073,0.00800000000000001
581,PL0014,pdz.3,sh3.1,7,A6,6,A,3,5,6.5455,0.00800000000000001
582,PL0014,pdz.3,sh3.1,7,A7,7,A,1,10,6.8565,0.00800000000000001
583,PL0014,pdz.3,sh3.1,7,A8,8,A,2,10,4.7215,0.00800000000000001
584,PL0014,pdz.3,sh3.1,7,A9,9,A,3,10,7.9875,0.012
585,PL0014,pdz.3,sh3.1,7,A10,10,A,1,20,6.8905,0.00800000000000001
586,PL0014,pdz.3,sh3.1,7,A11,11,A,2,20,3.2785,0.004
587,PL0014,pdz.3,sh3.1,7,A12,12,A,3,20,5.966,0.00800000000000001
588,PL0014,pdz.1,sh3.1,7,B1,1,B,1,0,5.173,0.004
589,PL0014,pdz.1,sh3.1,7,B2,2,B,2,0,3.85,0.004
590,PL0014,pdz.1,sh3.1,7,B3,3,B,3,0,4.2245,0.004
591,PL0014,pdz.1,sh3.1,7,B4,4,B,1,5,9.3445,0.012
592,PL0014,pdz.1,sh3.1,7,B5,5,B,2,5,9.194,0.016
593,PL0014,pdz.1,sh3.1,7,B6,6,B,3,5,10.0835,0.016
594,PL0014,pdz.1,sh3.1,7,B7,7,B,1,10,24.7345,0.048
595,PL0014,pdz.1,sh3.1,7,B8,8,B,2,10,13.7445,0.044
596,PL0014,pdz.1,sh3.1,7,B9,9,B,3,10,15.361,0.048
597,PL0014,pdz.1,sh3.1,7,B10,10,B,1,20,21.722,0.0600000000000001
598,PL0014,pdz.1,sh3.1,7,B11,11,B,2,20,22.9255,0.0680000000000001
599,PL0014,pdz.1,sh3.1,7,B12,12,B,3,20,21.97,0.0640000000000001
600,PL0014,sh3.1,pdz.2,7,C1,1,C,1,0,6.088,0.004
601,PL0014,sh3.1,pdz.2,7,C2,2,C,2,0,4.865,0.004
602,PL0014,sh3.1,pdz.2,7,C3,3,C,3,0,4.1765,0.004
603,PL0014,sh3.1,pdz.2,7,C4,4,C,1,5,5.4165,0.004
604,PL0014,sh3.1,pdz.2,7,C5,5,C,2,5,5.6595,0.00800000000000001
605,PL0014,sh3.1,pdz.2,7,C6,6,C,3,5,5.2445,0.004
606,PL0014,sh3.1,pdz.2,7,C7,7,C,1,10,5.816,0.00800000000000001
607,PL0014,sh3.1,pdz.2,7,C8,8,C,2,10,7.0255,0.012
608,PL0014,sh3.1,pdz.2,7,C9,9,C,3,10,6.5645,0.00800000000000001
609,PL0014,sh3.1,pdz.2,7,C10,10,C,1,20,5.936,0.012
610,PL0014,sh3.1,pdz.2,7,C11,11,C,2,20,7.6615,0.02
611,PL0014,sh3.1,pdz.2,7,C12,12,C,3,20,5.929,0.00800000000000001
612,PL0014,sh3.2,pdz.2,7,D1,1,D,1,0,6.0425,0.004
613,PL0014,sh3.2,pdz.2,7,D2,2,D,2,0,5.1735,0.004
614,PL0014,sh3.2,pdz.2,7,D3,3,D,3,0,5.0495,0.00800000000000001
615,PL0014,sh3.2,pdz.2,7,D4,4,D,1,5,5.125,0.004
616,PL0014,sh3.2,pdz.2,7,D5,5,D,2,5,4.3695,0.004
617,PL0014,sh3.2,pdz.2,7,D6,6,D,3,5,4.9085,0.004
618,PL0014,sh3.2,pdz.2,7,D7,7,D,1,10,4.9455,0.004
619,PL0014,sh3.2,pdz.2,7,D8,8,D,2,10,3.885,0.004
620,PL0014,sh3.2,pdz.2,7,D9,9,D,3,10,4.1105,0.004
621,PL0014,sh3.2,pdz.2,7,D10,10,D,1,20,3.4545,0.004
622,PL0014,sh3.2,pdz.2,7,D11,11,D,2,20,3.2455,0.004
623,PL0014,sh3.2,pdz.2,7,D12,12,D,3,20,4.364,0.004
624,PL0014,sh3.3,pdz.2,7,E1,1,E,1,0,5.694,0.004
625,PL0014,sh3.3,pdz.2,7,E2,2,E,2,0,5.0735,0.004
626,PL0014,sh3.3,pdz.2,7,E3,3,E,3,0,3.9545,0.004
627,PL0014,sh3.3,pdz.2,7,E4,4,E,1,5,4.6965,0.004
628,PL0014,sh3.3,pdz.2,7,E5,5,E,2,5,4.104,0.004
629,PL0014,sh3.3,pdz.2,7,E6,6,E,3,5,4.3905,0.004
630,PL0014,sh3.3,pdz.2,7,E7,7,E,1,10,4.4375,0.004
631,PL0014,sh3.3,pdz.2,7,E8,8,E,2,10,3.675,0.004
632,PL0014,sh3.3,pdz.2,7,E9,9,E,3,10,4.394,0.004
633,PL0014,sh3.3,pdz.2,7,E10,10,E,1,20,3.6395,0.004
634,PL0014,sh3.3,pdz.2,7,E11,11,E,2,20,3.2955,0.004
635,PL0014,sh3.3,pdz.2,7,E12,12,E,3,20,4.1875,0.004
636,PL0014,pdz.3,sh3.2,7,F1,1,F,1,0,6.2065,0.00800000000000001
637,PL0014,pdz.3,sh3.2,7,F2,2,F,2,0,6.04,0.00800000000000001
638,PL0014,pdz.3,sh3.2,7,F3,3,F,3,0,4.356,0.004
639,PL0014,pdz.3,sh3.2,7,F4,4,F,1,5,5.142,0.004
640,PL0014,pdz.3,sh3.2,7,F5,5,F,2,5,4.5005,0.004
641,PL0014,pdz.3,sh3.2,7,F6,6,F,3,5,4.628,0.004
642,PL0014,pdz.3,sh3.2,7,F7,7,F,1,10,4.8025,0.004
643,PL0014,pdz.3,sh3.2,7,F8,8,F,2,10,4.7905,0.00800000000000001
644,PL0014,pdz.3,sh3.2,7,F9,9,F,3,10,5.0885,0.004
645,PL0014,pdz.3,sh3.2,7,F10,10,F,1,20,3.585,0.004
646,PL0014,pdz.3,sh3.2,7,F11,11,F,2,20,4.3335,0.00800000000000001
647,PL0014,pdz.3,sh3.2,7,F12,12,F,3,20,4.5955,0.004
648,PL0014,sh3.1,sh3.1,7,G1,1,G,1,0,5.857,0.004
649,PL0014,sh3.1,sh3.1,7,G2,2,G,2,0,5.769,0.004
650,PL0014,sh3.1,sh3.1,7,G3,3,G,3,0,4.3365,0.004
651,PL0014,sh3.1,sh3.1,7,G4,4,G,1,5,6.64,0.00800000000000001
652,PL0014,sh3.1,sh3.1,7,G5,5,G,2,5,5.438,0.004
653,PL0014,sh3.1,sh3.1,7,G6,6,G,3,5,5.382,0.004
654,PL0014,sh3.1,sh3.1,7,G7,7,G,1,10,6.901,0.00800000000000001
655,PL0014,sh3.1,sh3.1,7,G8,8,G,2,10,6.17,0.00800000000000001
656,PL0014,sh3.1,sh3.1,7,G9,9,G,3,10,6.7695,0.012
657,PL0014,sh3.1,sh3.1,7,G10,10,G,1,20,8.1335,0.016
658,PL0014,sh3.1,sh3.1,7,G11,11,G,2,20,6.7035,0.016
659,PL0014,sh3.1,sh3.1,7,G12,12,G,3,20,7.715,0.016
660,PL0014,sh3.1,sh3.2,7,H1,1,H,1,0,6.226,0.004
661,PL0014,sh3.1,sh3.2,7,H2,2,H,2,0,7.344,0.004
662,PL0014,sh3.1,sh3.2,7,H3,3,H,3,0,5.691,0.004
663,PL0014,sh3.1,sh3.2,7,H4,4,H,1,5,6.718,0.004
664,PL0014,sh3.1,sh3.2,7,H5,5,H,2,5,4.903,0.004
665,PL0014,sh3.1,sh3.2,7,H6,6,H,3,5,6.435,0.004
666,PL0014,sh3.1,sh3.2,7,H7,7,H,1,10,6.603,0.004
667,PL0014,sh3.1,sh3.2,7,H8,8,H,2,10,5.0605,0.004
668,PL0014,sh3.1,sh3.2,7,H9,9,H,3,10,6.184,0.004
669,PL0014,sh3.1,sh3.2,7,H10,10,H,1,20,5.789,0.004
670,PL0014,sh3.1,sh3.2,7,H11,11,H,2,20,4.556,0.004
671,PL0014,sh3.1,sh3.2,7,H12,12,H,3,20,4.522,0.00800000000000001
672,PL0014,sh3.2,sh3.1,8,A1,1,A,1,0,4.71,0.004
673,PL0014,sh3.2,sh3.1,8,A2,2,A,2,0,6.2645,0.00800000000000001
674,PL0014,sh3.2,sh3.1,8,A3,3,A,3,0,7.393,0.00800000000000001
675,PL0014,sh3.2,sh3.1,8,A4,4,A,1,5,4.837,0.004
676,PL0014,sh3.2,sh3.1,8,A5,5,A,2,5,5.984,0.00800000000000001
677,PL0014,sh3.2,sh3.1,8,A6,6,A,3,5,7.8595,0.0119999999999999
678,PL0014,sh3.2,sh3.1,8,A7,7,A,1,10,4.928,0.004
679,PL0014,sh3.2,sh3.1,8,A8,8,A,2,10,6.156,0.00800000000000001
680,PL0014,sh3.2,sh3.1,8,A9,9,A,3,10,8.6915,0.016
681,PL0014,sh3.2,sh3.1,8,A10,10,A,1,20,4.401,0.00800000000000001
682,PL0014,sh3.2,sh3.1,8,A11,11,A,2,20,7.071,0.012
683,PL0014,sh3.2,sh3.1,8,A12,12,A,3,20,7.3,0.016
684,PL0014,pdz.1,pdz.1,8,B1,1,B,1,0,4.5565,0.004
685,PL0014,pdz.1,pdz.1,8,B2,2,B,2,0,4.118,0.004
686,PL0014,pdz.1,pdz.1,8,B3,3,B,3,0,4.172,0.004
687,PL0014,pdz.1,pdz.1,8,B4,4,B,1,5,4.0425,0.004
688,PL0014,pdz.1,pdz.1,8,B5,5,B,2,5,4.11,0.004
689,PL0014,pdz.1,pdz.1,8,B6,6,B,3,5,4.412,0.004
690,PL0014,pdz.1,pdz.1,8,B7,7,B,1,10,4.3855,0.004
691,PL0014,pdz.1,pdz.1,8,B8,8,B,2,10,3.431,0.004
692,PL0014,pdz.1,pdz.1,8,B9,9,B,3,10,4.631,0.004
693,PL0014,pdz.1,pdz.1,8,B10,10,B,1,20,4.346,0.012
694,PL0014,pdz.1,pdz.1,8,B11,11,B,2,20,3.9865,0.004
695,PL0014,pdz.1,pdz.1,8,B12,12,B,3,20,4.487,0.004
696,PL0014,pdz.1,pdz.3,8,C1,1,C,1,0,5.1975,0.004
697,PL0014,pdz.1,pdz.3,8,C2,2,C,2,0,4.621,0.004
698,PL0014,pdz.1,pdz.3,8,C3,3,C,3,0,4.1615,0.004
699,PL0014,pdz.1,pdz.3,8,C4,4,C,1,5,3.303,0.004
700,PL0014,pdz.1,pdz.3,8,C5,5,C,2,5,4.1065,0.004
701,PL0014,pdz.1,pdz.3,8,C6,6,C,3,5,3.6785,0.004
702,PL0014,pdz.1,pdz.3,8,C7,7,C,1,10,4.1525,0.004
703,PL0014,pdz.1,pdz.3,8,C8,8,C,2,10,3.424,0.004
704,PL0014,pdz.1,pdz.3,8,C9,9,C,3,10,3.971,0.004
705,PL0014,pdz.1,pdz.3,8,C10,10,C,1,20,3.9165,0.004
706,PL0014,pdz.1,pdz.3,8,C11,11,C,2,20,3.7075,0.004
707,PL0014,pdz.1,pdz.3,8,C12,12,C,3,20,4.1455,0.004
708,PL0014,pdz.3,pdz.3,8,D1,1,D,1,0,8.1545,0.016
709,PL0014,pdz.3,pdz.3,8,D2,2,D,2,0,7.1855,0.012
710,PL0014,pdz.3,pdz.3,8,D3,3,D,3,0,5.588,0.00800000000000001
711,PL0014,pdz.3,pdz.3,8,D4,4,D,1,5,5.907,0.016
712,PL0014,pdz.3,pdz.3,8,D5,5,D,2,5,5.166,0.00800000000000001
713,PL0014,pdz.3,pdz.3,8,D6,6,D,3,5,5.982,0.00800000000000001
714,PL0014,pdz.3,pdz.3,8,D7,7,D,1,10,6.18,0.016
715,PL0014,pdz.3,pdz.3,8,D8,8,D,2,10,4.391,0.00800000000000001
716,PL0014,pdz.3,pdz.3,8,D9,9,D,3,10,5.884,0.00800000000000001
717,PL0014,pdz.3,pdz.3,8,D10,10,D,1,20,5.538,0.012
718,PL0014,pdz.3,pdz.3,8,D11,11,D,2,20,4.675,0.00800000000000001
719,PL0014,pdz.3,pdz.3,8,D12,12,D,3,20,5.2415,0.00800000000000001
720,PL0014,pdz.1,sh3.2,8,E1,1,E,1,0,4.5795,0.004
721,PL0014,pdz.1,sh3.2,8,E2,2,E,2,0,5.3615,0.004
722,PL0014,pdz.1,sh3.2,8,E3,3,E,3,0,4.313,0.004
723,PL0014,pdz.1,sh3.2,8,E4,4,E,1,5,3.771,0.004
724,PL0014,pdz.1,sh3.2,8,E5,5,E,2,5,4.1515,0.004
725,PL0014,pdz.1,sh3.2,8,E6,6,E,3,5,4.023,0.004
726,PL0014,pdz.1,sh3.2,8,E7,7,E,1,10,4.057,0.004
727,PL0014,pdz.1,sh3.2,8,E8,8,E,2,10,3.732,0.004
728,PL0014,pdz.1,sh3.2,8,E9,9,E,3,10,4.7725,0.004
729,PL0014,pdz.1,sh3.2,8,E10,10,E,1,20,4.134,0.004
730,PL0014,pdz.1,sh3.2,8,E11,11,E,2,20,4.187,0.004
731,PL0014,pdz.1,sh3.2,8,E12,12,E,3,20,1.5035,0.004
732,PL0014,sh3.2,pdz.1,8,F1,1,F,1,0,5.578,0.004
733,PL0014,sh3.2,pdz.1,8,F2,2,F,2,0,5.261,0.004
734,PL0014,sh3.2,pdz.1,8,F3,3,F,3,0,5.1115,0.00800000000000001
735,PL0014,sh3.2,pdz.1,8,F4,4,F,1,5,4.836,0.004
736,PL0014,sh3.2,pdz.1,8,F5,5,F,2,5,3.8875,0.004
737,PL0014,sh3.2,pdz.1,8,F6,6,F,3,5,5.1505,0.00800000000000001
738,PL0014,sh3.2,pdz.1,8,F7,7,F,1,10,5.23,0.00800000000000001
739,PL0014,sh3.2,pdz.1,8,F8,8,F,2,10,4.6555,0.00800000000000001
740,PL0014,sh3.2,pdz.1,8,F9,9,F,3,10,6.041,0.012
741,PL0014,sh3.2,pdz.1,8,F10,10,F,1,20,5.562,0.00800000000000001
742,PL0014,sh3.2,pdz.1,8,F11,11,F,2,20,5.4365,0.012
743,PL0014,sh3.2,pdz.1,8,F12,12,F,3,20,7.502,0.016
744,PL0014,empty,empty,8,G1,1,G,1,0,6.0315,0.004
745,PL0014,empty,empty,8,G2,2,G,2,0,4.8285,0.004
746,PL0014,empty,empty,8,G3,3,G,3,0,5.112,0.004
747,PL0014,empty,empty,8,G4,4,G,1,5,5.929,0.00800000000000001
748,PL0014,empty,empty,8,G5,5,G,2,5,3.5355,0.004
749,PL0014,empty,empty,8,G6,6,G,3,5,5.048,0.004
750,PL0014,empty,empty,8,G7,7,G,1,10,5.065,0.004
751,PL0014,empty,empty,8,G8,8,G,2,10,3.3745,0.004
752,PL0014,empty,empty,8,G9,9,G,3,10,4.505,0.004
753,PL0014,empty,empty,8,G10,10,G,1,20,5.0255,0.004
754,PL0014,empty,empty,8,G11,11,G,2,20,3.557,0.004
755,PL0014,empty,empty,8,G12,12,G,3,20,4.12,0.004
756,PL0015,sh3.1,pdz.1,8,H1,1,H,1,0,5.969,0.004
757,PL0015,sh3.1,pdz.1,8,H2,2,H,2,0,7.2835,0.00800000000000001
758,PL0015,sh3.1,pdz.1,8,H3,3,H,3,0,6.263,0.00800000000000001
759,PL0015,sh3.1,pdz.1,8,H4,4,H,1,5,16.19,0.036
760,PL0015,sh3.1,pdz.1,8,H5,5,H,2,5,23.918,0.052
761,PL0015,sh3.1,pdz.1,8,H6,6,H,3,5,16.767,0.036
762,PL0015,sh3.1,pdz.1,8,H7,7,H,1,10,25.815,0.0600000000000001
763,PL0015,sh3.1,pdz.1,8,H8,8,H,2,10,28.9075,0.0600000000000001
764,PL0015,sh3.1,pdz.1,8,H9,9,H,3,10,26.453,0.0600000000000001
765,PL0015,sh3.1,pdz.1,8,H10,10,H,1,20,40.883,0.0760000000000001
766,PL0015,sh3.1,pdz.1,8,H11,11,H,2,20,44.17,0.0760000000000001
767,PL0015,sh3.1,pdz.1,8,H12,12,H,3,20,35.9105,0.0680000000000001
768,PL0015,sh3.3,pdz.3,9,A1,1,A,1,0,6.3535,0.00800000000000001
769,PL0015,sh3.3,pdz.3,9,A2,2,A,2,0,7.897,0.012
770,PL0015,sh3.3,pdz.3,9,A3,3,A,3,0,5.6445,0.00800000000000001
771,PL0015,sh3.3,pdz.3,9,A4,4,A,1,5,6.547,0.012
772,PL0015,sh3.3,pdz.3,9,A5,5,A,2,5,7.659,0.012
773,PL0015,sh3.3,pdz.3,9,A6,6,A,3,5,5.487,0.004
774,PL0015,sh3.3,pdz.3,9,A7,7,A,1,10,6.357,0.00800000000000001
775,PL0015,sh3.3,pdz.3,9,A8,8,A,2,10,7.603,0.016
776,PL0015,sh3.3,pdz.3,9,A9,9,A,3,10,5.521,0.00800000000000001
777,PL0015,sh3.3,pdz.3,9,A10,10,A,1,20,6.8105,0.012
778,PL0015,sh3.3,pdz.3,9,A11,11,A,2,20,7.927,0.016
779,PL0015,sh3.3,pdz.3,9,A12,12,A,3,20,6.2975,0.012
780,PL0015,sh3.1,pdz.3,9,B1,1,B,1,0,4.922,0.004
781,PL0015,sh3.1,pdz.3,9,B2,2,B,2,0,5.1975,0.004
782,PL0015,sh3.1,pdz.3,9,B3,3,B,3,0,4.756,0.004
783,PL0015,sh3.1,pdz.3,9,B4,4,B,1,5,5.129,0.004
784,PL0015,sh3.1,pdz.3,9,B5,5,B,2,5,5.4185,0.00800000000000001
785,PL0015,sh3.1,pdz.3,9,B6,6,B,3,5,4.8665,0.004
786,PL0015,sh3.1,pdz.3,9,B7,7,B,1,10,4.571,0.004
787,PL0015,sh3.1,pdz.3,9,B8,8,B,2,10,4.764,0.00800000000000001
788,PL0015,sh3.1,pdz.3,9,B9,9,B,3,10,5.5745,0.00800000000000001
789,PL0015,sh3.1,pdz.3,9,B10,10,B,1,20,5.456,0.00800000000000001
790,PL0015,sh3.1,pdz.3,9,B11,11,B,2,20,5.3445,0.00800000000000001
791,PL0015,sh3.1,pdz.3,9,B12,12,B,3,20,5.9255,0.00800000000000001
792,PL0015,sh3.3,pdz.1,9,C1,1,C,1,0,4.4135,0.004
793,PL0015,sh3.3,pdz.1,9,C2,2,C,2,0,4.54,0.004
794,PL0015,sh3.3,pdz.1,9,C3,3,C,3,0,4.7925,0.004
795,PL0015,sh3.3,pdz.1,9,C4,4,C,1,5,4.1935,0.004
796,PL0015,sh3.3,pdz.1,9,C5,5,C,2,5,4.6505,0.004
797,PL0015,sh3.3,pdz.1,9,C6,6,C,3,5,4.5605,0.004
798,PL0015,sh3.3,pdz.1,9,C7,7,C,1,10,5.264,0.004
799,PL0015,sh3.3,pdz.1,9,C8,8,C,2,10,4.266,0.004
800,PL0015,sh3.3,pdz.1,9,C9,9,C,3,10,4.2275,0.004
801,PL0015,sh3.3,pdz.1,9,C10,10,C,1,20,4.341,0.004
802,PL0015,sh3.3,pdz.1,9,C11,11,C,2,20,5.221,0.004
803,PL0015,sh3.3,pdz.1,9,C12,12,C,3,20,4.7435,0.004
804,PL0015,pdz.3,sh3.3,9,D1,1,D,1,0,4.049,0.004
805,PL0015,pdz.3,sh3.3,9,D2,2,D,2,0,5.173,0.004
806,PL0015,pdz.3,sh3.3,9,D3,3,D,3,0,5.7265,0.00800000000000001
807,PL0015,pdz.3,sh3.3,9,D4,4,D,1,5,4.582,0.004
808,PL0015,pdz.3,sh3.3,9,D5,5,D,2,5,5.138,0.004
809,PL0015,pdz.3,sh3.3,9,D6,6,D,3,5,5.2655,0.004
810,PL0015,pdz.3,sh3.3,9,D7,7,D,1,10,4.6545,0.004
811,PL0015,pdz.3,sh3.3,9,D8,8,D,2,10,4.3105,0.004
812,PL0015,pdz.3,sh3.3,9,D9,9,D,3,10,5.28,0.00800000000000001
813,PL0015,pdz.3,sh3.3,9,D10,10,D,1,20,4.2725,0.004
814,PL0015,pdz.3,sh3.3,9,D11,11,D,2,20,4.804,0.004
815,PL0015,pdz.3,sh3.3,9,D12,12,D,3,20,5.2305,0.004
816,PL0015,pdz.1,sh3.3,9,E1,1,E,1,0,4.0675,0.004
817,PL0015,pdz.1,sh3.3,9,E2,2,E,2,0,4.0565,0.004
818,PL0015,pdz.1,sh3.3,9,E3,3,E,3,0,4.6035,0.004
819,PL0015,pdz.1,sh3.3,9,E4,4,E,1,5,4.9745,0.004
820,PL0015,pdz.1,sh3.3,9,E5,5,E,2,5,4.176,0.004
821,PL0015,pdz.1,sh3.3,9,E6,6,E,3,5,5.233,0.004
822,PL0015,pdz.1,sh3.3,9,E7,7,E,1,10,4.932,0.004
823,PL0015,pdz.1,sh3.3,9,E8,8,E,2,10,4.1945,0.004
824,PL0015,pdz.1,sh3.3,9,E9,9,E,3,10,4.597,0.004
825,PL0015,pdz.1,sh3.3,9,E10,10,E,1,20,5.1635,0.004
826,PL0015,pdz.1,sh3.3,9,E11,11,E,2,20,4.569,0.004
827,PL0015,pdz.1,sh3.3,9,E12,12,E,3,20,5.6405,0.004
828,PL0015,pdz.3,sh3.1,9,F1,1,F,1,0,4.779,0.004
829,PL0015,pdz.3,sh3.1,9,F2,2,F,2,0,4.5715,0.004
830,PL0015,pdz.3,sh3.1,9,F3,3,F,3,0,6.323,0.00800000000000001
831,PL0015,pdz.3,sh3.1,9,F4,4,F,1,5,4.3615,0.004
832,PL0015,pdz.3,sh3.1,9,F5,5,F,2,5,4.258,0.004
833,PL0015,pdz.3,sh3.1,9,F6,6,F,3,5,5.388,0.004
834,PL0015,pdz.3,sh3.1,9,F7,7,F,1,10,5.1175,0.00800000000000001
835,PL0015,pdz.3,sh3.1,9,F8,8,F,2,10,5.1355,0.004
836,PL0015,pdz.3,sh3.1,9,F9,9,F,3,10,5.172,0.004
837,PL0015,pdz.3,sh3.1,9,F10,10,F,1,20,5.2365,0.00800000000000001
838,PL0015,pdz.3,sh3.1,9,F11,11,F,2,20,5.3695,0.00800000000000001
839,PL0015,pdz.3,sh3.1,9,F12,12,F,3,20,5.9145,0.00800000000000001
840,PL0015,pdz.1,sh3.1,9,G1,1,G,1,0,5.198,0.004
841,PL0015,pdz.1,sh3.1,9,G2,2,G,2,0,4.904,0.004
842,PL0015,pdz.1,sh3.1,9,G3,3,G,3,0,5.6565,0.004
843,PL0015,pdz.1,sh3.1,9,G4,4,G,1,5,6.617,0.00800000000000001
844,PL0015,pdz.1,sh3.1,9,G5,5,G,2,5,6.651,0.00800000000000001
845,PL0015,pdz.1,sh3.1,9,G6,6,G,3,5,7.526,0.012
846,PL0015,pdz.1,sh3.1,9,G7,7,G,1,10,9.43,0.016
847,PL0015,pdz.1,sh3.1,9,G8,8,G,2,10,9.9955,0.02
848,PL0015,pdz.1,sh3.1,9,G9,9,G,3,10,8.7525,0.016
849,PL0015,pdz.1,sh3.1,9,G10,10,G,1,20,14.336,0.048
850,PL0015,pdz.1,sh3.1,9,G11,11,G,2,20,14.2205,0.052
851,PL0015,pdz.1,sh3.1,9,G12,12,G,3,20,14.413,0.048
852,PL0015,sh3.1,pdz.2,9,H1,1,H,1,0,7.171,0.004
853,PL0015,sh3.1,pdz.2,9,H2,2,H,2,0,6.987,0.004
854,PL0015,sh3.1,pdz.2,9,H3,3,H,3,0,5.569,0.004
855,PL0015,sh3.1,pdz.2,9,H4,4,H,1,5,7.0165,0.004
856,PL0015,sh3.1,pdz.2,9,H5,5,H,2,5,5.779,0.004
857,PL0015,sh3.1,pdz.2,9,H6,6,H,3,5,5.5465,0.004
858,PL0015,sh3.1,pdz.2,9,H7,7,H,1,10,8.0615,0.00800000000000001
859,PL0015,sh3.1,pdz.2,9,H8,8,H,2,10,6.6405,0.00800000000000001
860,PL0015,sh3.1,pdz.2,9,H9,9,H,3,10,5.9215,0.004
861,PL0015,sh3.1,pdz.2,9,H10,10,H,1,20,8.1195,0.00800000000000001
862,PL0015,sh3.1,pdz.2,9,H11,11,H,2,20,6.333,0.00800000000000001
863,PL0015,sh3.1,pdz.2,9,H12,12,H,3,20,6.0825,0.00800000000000001
864,PL0015,sh3.2,pdz.2,10,A1,1,A,1,0,4.2535,0.004
865,PL0015,sh3.2,pdz.2,10,A2,2,A,2,0,5.9525,0.004
866,PL0015,sh3.2,pdz.2,10,A3,3,A,3,0,4.872,0.00800000000000001
867,PL0015,sh3.2,pdz.2,10,A4,4,A,1,5,3.0355,0.004
868,PL0015,sh3.2,pdz.2,10,A5,5,A,2,5,5.5245,0.004
869,PL0015,sh3.2,pdz.2,10,A6,6,A,3,5,4.635,0.004
870,PL0015,sh3.2,pdz.2,10,A7,7,A,1,10,3.096,0.004
871,PL0015,sh3.2,pdz.2,10,A8,8,A,2,10,5.8485,0.004
872,PL0015,sh3.2,pdz.2,10,A9,9,A,3,10,5.0055,0.004
873,PL0015,sh3.2,pdz.2,10,A10,10,A,1,20,3.4375,0.004
874,PL0015,sh3.2,pdz.2,10,A11,11,A,2,20,5.214,0.004
875,PL0015,sh3.2,pdz.2,10,A12,12,A,3,20,5.1195,0.004
876,PL0015,sh3.3,pdz.2,10,B1,1,B,1,0,4.5435,0.004
877,PL0015,sh3.3,pdz.2,10,B2,2,B,2,0,4.7045,0.00800000000000001
878,PL0015,sh3.3,pdz.2,10,B3,3,B,3,0,4.101,0.004
879,PL0015,sh3.3,pdz.2,10,B4,4,B,1,5,2.8805,0.004
880,PL0015,sh3.3,pdz.2,10,B5,5,B,2,5,3.9175,0.004
881,PL0015,sh3.3,pdz.2,10,B6,6,B,3,5,3.9285,0.004
882,PL0015,sh3.3,pdz.2,10,B7,7,B,1,10,3.5445,0.004
883,PL0015,sh3.3,pdz.2,10,B8,8,B,2,10,3.678,0.004
884,PL0015,sh3.3,pdz.2,10,B9,9,B,3,10,4.214,0.004
885,PL0015,sh3.3,pdz.2,10,B10,10,B,1,20,3.989,0.004
886,PL0015,sh3.3,pdz.2,10,B11,11,B,2,20,3.1905,0.004
887,PL0015,sh3.3,pdz.2,10,B12,12,B,3,20,5.86,0.004
888,PL0015,pdz.3,sh3.2,10,C1,1,C,1,0,4.9405,0.004
889,PL0015,pdz.3,sh3.2,10,C2,2,C,2,0,4.754,0.004
890,PL0015,pdz.3,sh3.2,10,C3,3,C,3,0,3.831,0.004
891,PL0015,pdz.3,sh3.2,10,C4,4,C,1,5,3.5475,0.004
892,PL0015,pdz.3,sh3.2,10,C5,5,C,2,5,4.192,0.004
893,PL0015,pdz.3,sh3.2,10,C6,6,C,3,5,4.247,0.00800000000000001
894,PL0015,pdz.3,sh3.2,10,C7,7,C,1,10,3.892,0.004
895,PL0015,pdz.3,sh3.2,10,C8,8,C,2,10,3.731,0.004
896,PL0015,pdz.3,sh3.2,10,C9,9,C,3,10,4.526,0.004
897,PL0015,pdz.3,sh3.2,10,C10,10,C,1,20,4.09,0.004
898,PL0015,pdz.3,sh3.2,10,C11,11,C,2,20,3.9655,0.004
899,PL0015,pdz.3,sh3.2,10,C12,12,C,3,20,4.542,0.004
900,PL0015,sh3.1,sh3.1,10,D1,1,D,1,0,4.4015,0.004
901,PL0015,sh3.1,sh3.1,10,D2,2,D,2,0,4.8135,0.004
902,PL0015,sh3.1,sh3.1,10,D3,3,D,3,0,4.402,0.004
903,PL0015,sh3.1,sh3.1,10,D4,4,D,1,5,3.281,0.004
904,PL0015,sh3.1,sh3.1,10,D5,5,D,2,5,6.308,0.004
905,PL0015,sh3.1,sh3.1,10,D6,6,D,3,5,4.1875,0.004
906,PL0015,sh3.1,sh3.1,10,D7,7,D,1,10,4.033,0.00800000000000001
907,PL0015,sh3.1,sh3.1,10,D8,8,D,2,10,4.3945,0.004
908,PL0015,sh3.1,sh3.1,10,D9,9,D,3,10,4.375,0.004
909,PL0015,sh3.1,sh3.1,10,D10,10,D,1,20,4.124,0.00800000000000001
910,PL0015,sh3.1,sh3.1,10,D11,11,D,2,20,-1.1105,0.192
911,PL0015,sh3.1,sh3.1,10,D12,12,D,3,20,7.1835,0.00800000000000001
912,PL0015,sh3.1,sh3.2,10,E1,1,E,1,0,4.4235,0.004
913,PL0015,sh3.1,sh3.2,10,E2,2,E,2,0,5.2455,0.00800000000000001
914,PL0015,sh3.1,sh3.2,10,E3,3,E,3,0,4.019,0.004
915,PL0015,sh3.1,sh3.2,10,E4,4,E,1,5,3.421,0.004
916,PL0015,sh3.1,sh3.2,10,E5,5,E,2,5,4.698,0.004
917,PL0015,sh3.1,sh3.2,10,E6,6,E,3,5,4.208,0.004
918,PL0015,sh3.1,sh3.2,10,E7,7,E,1,10,3.5205,0.004
919,PL0015,sh3.1,sh3.2,10,E8,8,E,2,10,4.2725,0.004
920,PL0015,sh3.1,sh3.2,10,E9,9,E,3,10,4.0345,0.004
921,PL0015,sh3.1,sh3.2,10,E10,10,E,1,20,3.921,0.004
922,PL0015,sh3.1,sh3.2,10,E11,11,E,2,20,4.3275,0.004
923,PL0015,sh3.1,sh3.2,10,E12,12,E,3,20,5.9815,0.004
924,PL0015,sh3.2,sh3.1,10,F1,1,F,1,0,4.913,0.004
925,PL0015,sh3.2,sh3.1,10,F2,2,F,2,0,4.987,0.004
926,PL0015,sh3.2,sh3.1,10,F3,3,F,3,0,4.633,0.004
927,PL0015,sh3.2,sh3.1,10,F4,4,F,1,5,3.5075,0.004
928,PL0015,sh3.2,sh3.1,10,F5,5,F,2,5,4.9935,0.00800000000000001
929,PL0015,sh3.2,sh3.1,10,F6,6,F,3,5,4.1975,0.004
930,PL0015,sh3.2,sh3.1,10,F7,7,F,1,10,3.9415,0.00800000000000001
931,PL0015,sh3.2,sh3.1,10,F8,8,F,2,10,4.8595,0.00800000000000001
932,PL0015,sh3.2,sh3.1,10,F9,9,F,3,10,4.096,0.004
933,PL0015,sh3.2,sh3.1,10,F10,10,F,1,20,4.776,0.004
934,PL0015,sh3.2,sh3.1,10,F11,11,F,2,20,4.959,0.02
935,PL0015,sh3.2,sh3.1,10,F12,12,F,3,20,4.6705,0.004
936,PL0015,pdz.1,pdz.1,10,G1,1,G,1,0,4.8775,0.004
937,PL0015,pdz.1,pdz.1,10,G2,2,G,2,0,4.9435,0.004
938,PL0015,pdz.1,pdz.1,10,G3,3,G,3,0,4.52,0.004
939,PL0015,pdz.1,pdz.1,10,G4,4,G,1,5,3.6725,0.004
940,PL0015,pdz.1,pdz.1,10,G5,5,G,2,5,5.429,0.004
941,PL0015,pdz.1,pdz.1,10,G6,6,G,3,5,3.987,0.004
942,PL0015,pdz.1,pdz.1,10,G7,7,G,1,10,4.003,0.0079999999999999
943,PL0015,pdz.1,pdz.1,10,G8,8,G,2,10,5.1085,0.004
944,PL0015,pdz.1,pdz.1,10,G9,9,G,3,10,4.0305,0.004
945,PL0015,pdz.1,pdz.1,10,G10,10,G,1,20,4.806,0.004
946,PL0015,pdz.1,pdz.1,10,G11,11,G,2,20,5.847,0.00800000000000001
947,PL0015,pdz.1,pdz.1,10,G12,12,G,3,20,5.305,0.004
948,PL0015,pdz.1,pdz.3,10,H1,1,H,1,0,4.8735,0.004
949,PL0015,pdz.1,pdz.3,10,H2,2,H,2,0,6.9205,0.004
950,PL0015,pdz.1,pdz.3,10,H3,3,H,3,0,5.587,0.004
951,PL0015,pdz.1,pdz.3,10,H4,4,H,1,5,4.2745,0.004
952,PL0015,pdz.1,pdz.3,10,H5,5,H,2,5,7.054,0.004
953,PL0015,pdz.1,pdz.3,10,H6,6,H,3,5,4.8035,0.004
954,PL0015,pdz.1,pdz.3,10,H7,7,H,1,10,4.5915,0.004
955,PL0015,pdz.1,pdz.3,10,H8,8,H,2,10,6.396,0.004
956,PL0015,pdz.1,pdz.3,10,H9,9,H,3,10,5.166,0.004
957,PL0015,pdz.1,pdz.3,10,H10,10,H,1,20,4.8625,0.004
958,PL0015,pdz.1,pdz.3,10,H11,11,H,2,20,5.326,0.016
959,PL0015,pdz.1,pdz.3,10,H12,12,H,3,20,4.883,0.004
960,PL0015,pdz.3,pdz.3,11,A1,1,A,1,0,4.4195,0.004
961,PL0015,pdz.3,pdz.3,11,A2,2,A,2,0,3.707,0.004
962,PL0015,pdz.3,pdz.3,11,A3,3,A,3,0,3.68,0.004
963,PL0015,pdz.3,pdz.3,11,A4,4,A,1,5,4.24,0.004
964,PL0015,pdz.3,pdz.3,11,A5,5,A,2,5,4.1525,0.004
965,PL0015,pdz.3,pdz.3,11,A6,6,A,3,5,5,0.012
966,PL0015,pdz.3,pdz.3,11,A7,7,A,1,10,4.173,0.004
967,PL0015,pdz.3,pdz.3,11,A8,8,A,2,10,4.2355,0.004
968,PL0015,pdz.3,pdz.3,11,A9,9,A,3,10,3.8315,0.004
969,PL0015,pdz.3,pdz.3,11,A10,10,A,1,20,4.0005,0.00800000000000001
970,PL0015,pdz.3,pdz.3,11,A11,11,A,2,20,3.898,0.004
971,PL0015,pdz.3,pdz.3,11,A12,12,A,3,20,4.249,0.004
972,PL0015,pdz.1,sh3.2,11,B1,1,B,1,0,5.243,0.004
973,PL0015,pdz.1,sh3.2,11,B2,2,B,2,0,3.246,0.004
974,PL0015,pdz.1,sh3.2,11,B3,3,B,3,0,3.991,0.004
975,PL0015,pdz.1,sh3.2,11,B4,4,B,1,5,4.8565,0.004
976,PL0015,pdz.1,sh3.2,11,B5,5,B,2,5,4.088,0.004
977,PL0015,pdz.1,sh3.2,11,B6,6,B,3,5,4.003,0.004
978,PL0015,pdz.1,sh3.2,11,B7,7,B,1,10,5.265,0.004
979,PL0015,pdz.1,sh3.2,11,B8,8,B,2,10,3.8645,0.004
980,PL0015,pdz.1,sh3.2,11,B9,9,B,3,10,3.205,0.004
981,PL0015,pdz.1,sh3.2,11,B10,10,B,1,20,4.5515,0.004
982,PL0015,pdz.1,sh3.2,11,B11,11,B,2,20,3.7125,0.004
983,PL0015,pdz.1,sh3.2,11,B12,12,B,3,20,4.3475,0.004
984,PL0015,sh3.2,pdz.1,11,C1,1,C,1,0,4.2905,0.004
985,PL0015,sh3.2,pdz.1,11,C2,2,C,2,0,3.1435,0.004
986,PL0015,sh3.2,pdz.1,11,C3,3,C,3,0,4.002,0.004
987,PL0015,sh3.2,pdz.1,11,C4,4,C,1,5,4.288,0.004
988,PL0015,sh3.2,pdz.1,11,C5,5,C,2,5,3.7135,0.004
989,PL0015,sh3.2,pdz.1,11,C6,6,C,3,5,5.0055,0.004
990,PL0015,sh3.2,pdz.1,11,C7,7,C,1,10,4.448,0.004
991,PL0015,sh3.2,pdz.1,11,C8,8,C,2,10,3.144,0.004
992,PL0015,sh3.2,pdz.1,11,C9,9,C,3,10,3.568,0.004
993,PL0015,sh3.2,pdz.1,11,C10,10,C,1,20,4.162,0.004
994,PL0015,sh3.2,pdz.1,11,C11,11,C,2,20,2.717,0.004
995,PL0015,sh3.2,pdz.1,11,C12,12,C,3,20,5.01,0.004
996,PL0015,empty,empty,11,D1,1,D,1,0,4.4665,0.004
997,PL0015,empty,empty,11,D2,2,D,2,0,3.086,0.004
998,PL0015,empty,empty,11,D3,3,D,3,0,3.875,0.004
999,PL0015,empty,empty,11,D4,4,D,1,5,4.5055,0.004
1000,PL0015,empty,empty,11,D5,5,D,2,5,3.648,0.004
1001,PL0015,empty,empty,11,D6,6,D,3,5,4.0395,0.004
1002,PL0015,empty,empty,11,D7,7,D,1,10,4.365,0.004
1003,PL0015,empty,empty,11,D8,8,D,2,10,3.406,0.00800000000000001
1004,PL0015,empty,empty,11,D9,9,D,3,10,3.0375,0.004
1005,PL0015,empty,empty,11,D10,10,D,1,20,3.707,0.004
1006,PL0015,empty,empty,11,D11,11,D,2,20,3.6415,0.004
1007,PL0015,empty,empty,11,D12,12,D,3,20,3.7475,0.004
1008,PL0016,sh3.1,pdz.1,11,E1,1,E,1,0,4.456,0.004
1009,PL0016,sh3.1,pdz.1,11,E2,2,E,2,0,3.467,0.004
1010,PL0016,sh3.1,pdz.1,11,E3,3,E,3,0,4.1415,0.004
1011,PL0016,sh3.1,pdz.1,11,E4,4,E,1,5,11.621,0.024
1012,PL0016,sh3.1,pdz.1,11,E5,5,E,2,5,14.153,0.028
1013,PL0016,sh3.1,pdz.1,11,E6,6,E,3,5,12.0875,0.028
1014,PL0016,sh3.1,pdz.1,11,E7,7,E,1,10,22.0665,0.0600000000000001
1015,PL0016,sh3.1,pdz.1,11,E8,8,E,2,10,21.0335,0.0600000000000001
1016,PL0016,sh3.1,pdz.1,11,E9,9,E,3,10,21.219,0.0679999999999996
1017,PL0016,sh3.1,pdz.1,11,E10,10,E,1,20,28.096,0.0759999999999996
1018,PL0016,sh3.1,pdz.1,11,E11,11,E,2,20,33.2915,0.0800000000000001
1019,PL0016,sh3.1,pdz.1,11,E12,12,E,3,20,34.549,0.0840000000000001
1020,PL0016,sh3.3,pdz.3,11,F1,1,F,1,0,4.756,0.00800000000000001
1021,PL0016,sh3.3,pdz.3,11,F2,2,F,2,0,3.76,0.004
1022,PL0016,sh3.3,pdz.3,11,F3,3,F,3,0,5.142,0.00800000000000001
1023,PL0016,sh3.3,pdz.3,11,F4,4,F,1,5,5.551,0.0119999999999999
1024,PL0016,sh3.3,pdz.3,11,F5,5,F,2,5,4.3995,0.00800000000000001
1025,PL0016,sh3.3,pdz.3,11,F6,6,F,3,5,5.3215,0.00800000000000001
1026,PL0016,sh3.3,pdz.3,11,F7,7,F,1,10,4.7835,0.00800000000000001
1027,PL0016,sh3.3,pdz.3,11,F8,8,F,2,10,4.166,0.0079999999999999
1028,PL0016,sh3.3,pdz.3,11,F9,9,F,3,10,5.549,0.012
1029,PL0016,sh3.3,pdz.3,11,F10,10,F,1,20,4.841,0.012
1030,PL0016,sh3.3,pdz.3,11,F11,11,F,2,20,4.061,0.004
1031,PL0016,sh3.3,pdz.3,11,F12,12,F,3,20,5.0245,0.00800000000000001
1032,PL0016,sh3.1,pdz.3,11,G1,1,G,1,0,5.4105,0.004
1033,PL0016,sh3.1,pdz.3,11,G2,2,G,2,0,4.423,0.004
1034,PL0016,sh3.1,pdz.3,11,G3,3,G,3,0,4.5505,0.004
1035,PL0016,sh3.1,pdz.3,11,G4,4,G,1,5,5.5575,0.00800000000000001
1036,PL0016,sh3.1,pdz.3,11,G5,5,G,2,5,6.459,0.00800000000000001
1037,PL0016,sh3.1,pdz.3,11,G6,6,G,3,5,5.9975,0.00800000000000001
1038,PL0016,sh3.1,pdz.3,11,G7,7,G,1,10,6.0145,0.00800000000000001
1039,PL0016,sh3.1,pdz.3,11,G8,8,G,2,10,6.7265,0.0119999999999999
1040,PL0016,sh3.1,pdz.3,11,G9,9,G,3,10,6.151,0.012
1041,PL0016,sh3.1,pdz.3,11,G10,10,G,1,20,6.1535,0.00800000000000001
1042,PL0016,sh3.1,pdz.3,11,G11,11,G,2,20,8.152,0.016
1043,PL0016,sh3.1,pdz.3,11,G12,12,G,3,20,6.1645,0.00800000000000001
1044,PL0016,sh3.3,pdz.1,11,H1,1,H,1,0,5.675,0.004
1045,PL0016,sh3.3,pdz.1,11,H2,2,H,2,0,5.485,0.004
1046,PL0016,sh3.3,pdz.1,11,H3,3,H,3,0,7.2155,0.00800000000000001
1047,PL0016,sh3.3,pdz.1,11,H4,4,H,1,5,6.4665,0.004
1048,PL0016,sh3.3,pdz.1,11,H5,5,H,2,5,5.948,0.004
1049,PL0016,sh3.3,pdz.1,11,H6,6,H,3,5,7.917,0.00800000000000001
1050,PL0016,sh3.3,pdz.1,11,H7,7,H,1,10,6.2965,0.004
1051,PL0016,sh3.3,pdz.1,11,H8,8,H,2,10,5.7625,0.004
1052,PL0016,sh3.3,pdz.1,11,H9,9,H,3,10,7.1855,0.012
1053,PL0016,sh3.3,pdz.1,11,H10,10,H,1,20,5.563,0.004
1054,PL0016,sh3.3,pdz.1,11,H11,11,H,2,20,5.7115,0.004
1055,PL0016,sh3.3,pdz.1,11,H12,12,H,3,20,7.6515,0.012
1056,PL0016,pdz.3,sh3.3,12,A1,1,A,1,0,4.304,0.004
1057,PL0016,pdz.3,sh3.3,12,A2,2,A,2,0,3.5475,0.004
1058,PL0016,pdz.3,sh3.3,12,A3,3,A,3,0,5.708,0.004
1059,PL0016,pdz.3,sh3.3,12,A4,4,A,1,5,4.977,0.004
1060,PL0016,pdz.3,sh3.3,12,A5,5,A,2,5,4.5775,0.004
1061,PL0016,pdz.3,sh3.3,12,A6,6,A,3,5,5.7535,0.004
1062,PL0016,pdz.3,sh3.3,12,A7,7,A,1,10,4.585,0.004
1063,PL0016,pdz.3,sh3.3,12,A8,8,A,2,10,4.2615,0.004
1064,PL0016,pdz.3,sh3.3,12,A9,9,A,3,10,5.197,0.004
1065,PL0016,pdz.3,sh3.3,12,A10,10,A,1,20,3.6155,0.004
1066,PL0016,pdz.3,sh3.3,12,A11,11,A,2,20,3.309,0.004
1067,PL0016,pdz.3,sh3.3,12,A12,12,A,3,20,6.691,0.004
1068,PL0016,pdz.1,sh3.3,12,B1,1,B,1,0,3.696,0.004
1069,PL0016,pdz.1,sh3.3,12,B2,2,B,2,0,4.145,0.004
1070,PL0016,pdz.1,sh3.3,12,B3,3,B,3,0,3.4775,0.004
1071,PL0016,pdz.1,sh3.3,12,B4,4,B,1,5,4.2515,0.004
1072,PL0016,pdz.1,sh3.3,12,B5,5,B,2,5,4.7145,0.004
1073,PL0016,pdz.1,sh3.3,12,B6,6,B,3,5,4.039,0.004
1074,PL0016,pdz.1,sh3.3,12,B7,7,B,1,10,4.053,0.004
1075,PL0016,pdz.1,sh3.3,12,B8,8,B,2,10,4.5465,0.004
1076,PL0016,pdz.1,sh3.3,12,B9,9,B,3,10,3.4585,0.004
1077,PL0016,pdz.1,sh3.3,12,B10,10,B,1,20,2.9655,0.004
1078,PL0016,pdz.1,sh3.3,12,B11,11,B,2,20,3.1055,0.004
1079,PL0016,pdz.1,sh3.3,12,B12,12,B,3,20,4.1955,0.004
1080,PL0016,pdz.3,sh3.1,12,C1,1,C,1,0,3.989,0.004
1081,PL0016,pdz.3,sh3.1,12,C2,2,C,2,0,4.7875,0.004
1082,PL0016,pdz.3,sh3.1,12,C3,3,C,3,0,6.268,0.02
1083,PL0016,pdz.3,sh3.1,12,C4,4,C,1,5,4.3625,0.004
1084,PL0016,pdz.3,sh3.1,12,C5,5,C,2,5,4.384,0.004
1085,PL0016,pdz.3,sh3.1,12,C6,6,C,3,5,6.4955,0.00800000000000001
1086,PL0016,pdz.3,sh3.1,12,C7,7,C,1,10,4.3265,0.004
1087,PL0016,pdz.3,sh3.1,12,C8,8,C,2,10,4.565,0.004
1088,PL0016,pdz.3,sh3.1,12,C9,9,C,3,10,7.0885,0.012
1089,PL0016,pdz.3,sh3.1,12,C10,10,C,1,20,3.37,0.004
1090,PL0016,pdz.3,sh3.1,12,C11,11,C,2,20,3.128,0.004
1091,PL0016,pdz.3,sh3.1,12,C12,12,C,3,20,7.7165,0.012
1092,PL0016,pdz.1,sh3.1,12,D1,1,D,1,0,3.1455,0.004
1093,PL0016,pdz.1,sh3.1,12,D2,2,D,2,0,5.4405,0.004
1094,PL0016,pdz.1,sh3.1,12,D3,3,D,3,0,3.9585,0.004
1095,PL0016,pdz.1,sh3.1,12,D4,4,D,1,5,5.913,0.00800000000000001
1096,PL0016,pdz.1,sh3.1,12,D5,5,D,2,5,7.32,0.00800000000000001
1097,PL0016,pdz.1,sh3.1,12,D6,6,D,3,5,7.0275,0.00800000000000001
1098,PL0016,pdz.1,sh3.1,12,D7,7,D,1,10,9.09,0.028
1099,PL0016,pdz.1,sh3.1,12,D8,8,D,2,10,10.882,0.024
1100,PL0016,pdz.1,sh3.1,12,D9,9,D,3,10,9.6105,0.02
1101,PL0016,pdz.1,sh3.1,12,D10,10,D,1,20,10.3735,0.0439999999999996
1102,PL0016,pdz.1,sh3.1,12,D11,11,D,2,20,12.328,0.0560000000000001
1103,PL0016,pdz.1,sh3.1,12,D12,12,D,3,20,10.19,0.032
1104,PL0016,sh3.1,pdz.2,12,E1,1,E,1,0,3.667,0.004
1105,PL0016,sh3.1,pdz.2,12,E2,2,E,2,0,4.3855,0.004
1106,PL0016,sh3.1,pdz.2,12,E3,3,E,3,0,3.8865,0.004
1107,PL0016,sh3.1,pdz.2,12,E4,4,E,1,5,3.4225,0.004
1108,PL0016,sh3.1,pdz.2,12,E5,5,E,2,5,4.5985,0.004
1109,PL0016,sh3.1,pdz.2,12,E6,6,E,3,5,5.632,0.004
1110,PL0016,sh3.1,pdz.2,12,E7,7,E,1,10,3.1905,0.004
1111,PL0016,sh3.1,pdz.2,12,E8,8,E,2,10,4.9045,0.004
1112,PL0016,sh3.1,pdz.2,12,E9,9,E,3,10,5.349,0.004
1113,PL0016,sh3.1,pdz.2,12,E10,10,E,1,20,3.13,0.004
1114,PL0016,sh3.1,pdz.2,12,E11,11,E,2,20,3.71,0.004
1115,PL0016,sh3.1,pdz.2,12,E12,12,E,3,20,5.9275,0.004
1116,PL0016,sh3.2,pdz.2,12,F1,1,F,1,0,3.2275,0.004
1117,PL0016,sh3.2,pdz.2,12,F2,2,F,2,0,4.6355,0.004
1118,PL0016,sh3.2,pdz.2,12,F3,3,F,3,0,4.7705,0.004
1119,PL0016,sh3.2,pdz.2,12,F4,4,F,1,5,3.4355,0.004
1120,PL0016,sh3.2,pdz.2,12,F5,5,F,2,5,4.488,0.004
1121,PL0016,sh3.2,pdz.2,12,F6,6,F,3,5,5.7755,0.004
1122,PL0016,sh3.2,pdz.2,12,F7,7,F,1,10,3.639,0.004
1123,PL0016,sh3.2,pdz.2,12,F8,8,F,2,10,5.4585,0.004
1124,PL0016,sh3.2,pdz.2,12,F9,9,F,3,10,5.2935,0.004
1125,PL0016,sh3.2,pdz.2,12,F10,10,F,1,20,2.853,0.004
1126,PL0016,sh3.2,pdz.2,12,F11,11,F,2,20,3.8275,0.004
1127,PL0016,sh3.2,pdz.2,12,F12,12,F,3,20,5.9355,0.004
1128,PL0016,sh3.3,pdz.2,12,G1,1,G,1,0,5.707,0.004
1129,PL0016,sh3.3,pdz.2,12,G2,2,G,2,0,5.0315,0.004
1130,PL0016,sh3.3,pdz.2,12,G3,3,G,3,0,5.864,0.00800000000000001
1131,PL0016,sh3.3,pdz.2,12,G4,4,G,1,5,4.9,0.004
1132,PL0016,sh3.3,pdz.2,12,G5,5,G,2,5,4.7245,0.004
1133,PL0016,sh3.3,pdz.2,12,G6,6,G,3,5,6.581,0.004
1134,PL0016,sh3.3,pdz.2,12,G7,7,G,1,10,4.5025,0.004
1135,PL0016,sh3.3,pdz.2,12,G8,8,G,2,10,4.4055,0.004
1136,PL0016,sh3.3,pdz.2,12,G9,9,G,3,10,5.7725,0.004
1137,PL0016,sh3.3,pdz.2,12,G10,10,G,1,20,3.738,0.004
1138,PL0016,sh3.3,pdz.2,12,G11,11,G,2,20,3.098,0.004
1139,PL0016,sh3.3,pdz.2,12,G12,12,G,3,20,6.0745,0.004
1140,PL0016,pdz.3,sh3.2,12,H1,1,H,1,0,3.62,0.004
1141,PL0016,pdz.3,sh3.2,12,H2,2,H,2,0,5.8565,0.004
1142,PL0016,pdz.3,sh3.2,12,H3,3,H,3,0,5.7585,0.004
1143,PL0016,pdz.3,sh3.2,12,H4,4,H,1,5,4.5705,0.004
1144,PL0016,pdz.3,sh3.2,12,H5,5,H,2,5,5.0625,0.004
1145,PL0016,pdz.3,sh3.2,12,H6,6,H,3,5,6.1485,0.004
1146,PL0016,pdz.3,sh3.2,12,H7,7,H,1,10,3.471,0.004
1147,PL0016,pdz.3,sh3.2,12,H8,8,H,2,10,5.616,0.004
1148,PL0016,pdz.3,sh3.2,12,H9,9,H,3,10,5.621,0.004
1149,PL0016,pdz.3,sh3.2,12,H10,10,H,1,20,3.7535,0.004
1150,PL0016,pdz.3,sh3.2,12,H11,11,H,2,20,3.2745,0.004
1151,PL0016,pdz.3,sh3.2,12,H12,12,H,3,20,4.9315,0.004
1152,PL0016,sh3.1,sh3.1,13,A1,1,A,1,0,8.4695,0.00800000000000001
1153,PL0016,sh3.1,sh3.1,13,A2,2,A,2,0,8.4955,0.004
1154,PL0016,sh3.1,sh3.1,13,A3,3,A,3,0,7.5105,0.00800000000000001
1155,PL0016,sh3.1,sh3.1,13,A4,4,A,1,5,7.8735,0.00800000000000001
1156,PL0016,sh3.1,sh3.1,13,A5,5,A,2,5,8.162,0.00800000000000001
1157,PL0016,sh3.1,sh3.1,13,A6,6,A,3,5,8.9235,0.00800000000000001
1158,PL0016,sh3.1,sh3.1,13,A7,7,A,1,10,9.1785,0.012
1159,PL0016,sh3.1,sh3.1,13,A8,8,A,2,10,8.2705,0.00800000000000001
1160,PL0016,sh3.1,sh3.1,13,A9,9,A,3,10,7.2415,0.012
1161,PL0016,sh3.1,sh3.1,13,A10,10,A,1,20,8.593,0.016
1162,PL0016,sh3.1,sh3.1,13,A11,11,A,2,20,5.7405,0.00800000000000001
1163,PL0016,sh3.1,sh3.1,13,A12,12,A,3,20,7.454,0.012
1164,PL0016,sh3.1,sh3.2,13,B1,1,B,1,0,6.093,0.004
1165,PL0016,sh3.1,sh3.2,13,B2,2,B,2,0,8.088,0.004
1166,PL0016,sh3.1,sh3.2,13,B3,3,B,3,0,5.375,0.004
1167,PL0016,sh3.1,sh3.2,13,B4,4,B,1,5,5.019,0.004
1168,PL0016,sh3.1,sh3.2,13,B5,5,B,2,5,7.246,0.00800000000000001
1169,PL0016,sh3.1,sh3.2,13,B6,6,B,3,5,5.422,0.004
1170,PL0016,sh3.1,sh3.2,13,B7,7,B,1,10,4.2935,0.004
1171,PL0016,sh3.1,sh3.2,13,B8,8,B,2,10,6.906,0.00800000000000001
1172,PL0016,sh3.1,sh3.2,13,B9,9,B,3,10,4.5175,0.004
1173,PL0016,sh3.1,sh3.2,13,B10,10,B,1,20,3.236,0.004
1174,PL0016,sh3.1,sh3.2,13,B11,11,B,2,20,4.748,0.00800000000000001
1175,PL0016,sh3.1,sh3.2,13,B12,12,B,3,20,5.276,0.00800000000000001
1176,PL0016,sh3.2,sh3.1,13,C1,1,C,1,0,7.5225,0.00800000000000001
1177,PL0016,sh3.2,sh3.1,13,C2,2,C,2,0,7.3355,0.00800000000000001
1178,PL0016,sh3.2,sh3.1,13,C3,3,C,3,0,4.669,0.004
1179,PL0016,sh3.2,sh3.1,13,C4,4,C,1,5,5.9865,0.00800000000000001
1180,PL0016,sh3.2,sh3.1,13,C5,5,C,2,5,7.0345,0.00800000000000001
1181,PL0016,sh3.2,sh3.1,13,C6,6,C,3,5,4.674,0.004
1182,PL0016,sh3.2,sh3.1,13,C7,7,C,1,10,6.343,0.00800000000000001
1183,PL0016,sh3.2,sh3.1,13,C8,8,C,2,10,5.859,0.00800000000000001
1184,PL0016,sh3.2,sh3.1,13,C9,9,C,3,10,3.1835,0.004
1185,PL0016,sh3.2,sh3.1,13,C10,10,C,1,20,5.051,0.00800000000000001
1186,PL0016,sh3.2,sh3.1,13,C11,11,C,2,20,4.297,0.00800000000000001
1187,PL0016,sh3.2,sh3.1,13,C12,12,C,3,20,4.569,0.00800000000000001
1188,PL0016,pdz.1,pdz.1,13,D1,1,D,1,0,7.481,0.00800000000000001
1189,PL0016,pdz.1,pdz.1,13,D2,2,D,2,0,6.2245,0.004
1190,PL0016,pdz.1,pdz.1,13,D3,3,D,3,0,5.313,0.004
1191,PL0016,pdz.1,pdz.1,13,D4,4,D,1,5,5.93,0.004
1192,PL0016,pdz.1,pdz.1,13,D5,5,D,2,5,6.06,0.004
1193,PL0016,pdz.1,pdz.1,13,D6,6,D,3,5,4.6875,0.004
1194,PL0016,pdz.1,pdz.1,13,D7,7,D,1,10,6.3025,0.00800000000000001
1195,PL0016,pdz.1,pdz.1,13,D8,8,D,2,10,4.7235,0.004
1196,PL0016,pdz.1,pdz.1,13,D9,9,D,3,10,3.44,0.004
1197,PL0016,pdz.1,pdz.1,13,D10,10,D,1,20,3.9885,0.00800000000000001
1198,PL0016,pdz.1,pdz.1,13,D11,11,D,2,20,3.7415,0.004
1199,PL0016,pdz.1,pdz.1,13,D12,12,D,3,20,4.4605,0.004
1200,PL0016,pdz.1,pdz.3,13,E1,1,E,1,0,6.416,0.004
1201,PL0016,pdz.1,pdz.3,13,E2,2,E,2,0,5.477,0.004
1202,PL0016,pdz.1,pdz.3,13,E3,3,E,3,0,5.9765,0.00800000000000001
1203,PL0016,pdz.1,pdz.3,13,E4,4,E,1,5,4.947,0.004
1204,PL0016,pdz.1,pdz.3,13,E5,5,E,2,5,5.83,0.004
1205,PL0016,pdz.1,pdz.3,13,E6,6,E,3,5,5.991,0.004
1206,PL0016,pdz.1,pdz.3,13,E7,7,E,1,10,5.768,0.00800000000000001
1207,PL0016,pdz.1,pdz.3,13,E8,8,E,2,10,4.733,0.004
1208,PL0016,pdz.1,pdz.3,13,E9,9,E,3,10,5.215,0.00800000000000001
1209,PL0016,pdz.1,pdz.3,13,E10,10,E,1,20,5.1035,0.004
1210,PL0016,pdz.1,pdz.3,13,E11,11,E,2,20,3.088,0.004
1211,PL0016,pdz.1,pdz.3,13,E12,12,E,3,20,5.3605,0.00800000000000001
1212,PL0016,pdz.3,pdz.3,13,F1,1,F,1,0,9.3105,0.012
1213,PL0016,pdz.3,pdz.3,13,F2,2,F,2,0,8.8085,0.02
1214,PL0016,pdz.3,pdz.3,13,F3,3,F,3,0,8.941,0.02
1215,PL0016,pdz.3,pdz.3,13,F4,4,F,1,5,8.369,0.016
1216,PL0016,pdz.3,pdz.3,13,F5,5,F,2,5,8.2035,0.016
1217,PL0016,pdz.3,pdz.3,13,F6,6,F,3,5,8.457,0.024
1218,PL0016,pdz.3,pdz.3,13,F7,7,F,1,10,7.786,0.016
1219,PL0016,pdz.3,pdz.3,13,F8,8,F,2,10,7.182,0.016
1220,PL0016,pdz.3,pdz.3,13,F9,9,F,3,10,6.7625,0.02
1221,PL0016,pdz.3,pdz.3,13,F10,10,F,1,20,7.3135,0.016
1222,PL0016,pdz.3,pdz.3,13,F11,11,F,2,20,5.319,0.016
1223,PL0016,pdz.3,pdz.3,13,F12,12,F,3,20,8.2525,0.024
1224,PL0016,pdz.1,sh3.2,13,G1,1,G,1,0,7.407,0.004
1225,PL0016,pdz.1,sh3.2,13,G2,2,G,2,0,4.559,0.004
1226,PL0016,pdz.1,sh3.2,13,G3,3,G,3,0,6.1585,0.004
1227,PL0016,pdz.1,sh3.2,13,G4,4,G,1,5,5.3475,0.004
1228,PL0016,pdz.1,sh3.2,13,G5,5,G,2,5,4.103,0.004
1229,PL0016,pdz.1,sh3.2,13,G6,6,G,3,5,5.323,0.004
1230,PL0016,pdz.1,sh3.2,13,G7,7,G,1,10,6.009,0.004
1231,PL0016,pdz.1,sh3.2,13,G8,8,G,2,10,3.0275,0.004
1232,PL0016,pdz.1,sh3.2,13,G9,9,G,3,10,4.271,0.004
1233,PL0016,pdz.1,sh3.2,13,G10,10,G,1,20,4.677,0.004
1234,PL0016,pdz.1,sh3.2,13,G11,11,G,2,20,2.092,0.004
1235,PL0016,pdz.1,sh3.2,13,G12,12,G,3,20,5.1205,0.004
1236,PL0016,sh3.2,pdz.1,13,H1,1,H,1,0,9.198,0.00800000000000001
1237,PL0016,sh3.2,pdz.1,13,H2,2,H,2,0,8.298,0.012
1238,PL0016,sh3.2,pdz.1,13,H3,3,H,3,0,7.499,0.00800000000000001
1239,PL0016,sh3.2,pdz.1,13,H4,4,H,1,5,8.181,0.012
1240,PL0016,sh3.2,pdz.1,13,H5,5,H,2,5,8.511,0.012
1241,PL0016,sh3.2,pdz.1,13,H6,6,H,3,5,6.7145,0.00800000000000001
1242,PL0016,sh3.2,pdz.1,13,H7,7,H,1,10,8.868,0.012
1243,PL0016,sh3.2,pdz.1,13,H8,8,H,2,10,7.454,0.00800000000000001
1244,PL0016,sh3.2,pdz.1,13,H9,9,H,3,10,6.506,0.00800000000000001
1245,PL0016,sh3.2,pdz.1,13,H10,10,H,1,20,7.6045,0.012
1246,PL0016,sh3.2,pdz.1,13,H11,11,H,2,20,7.911,0.0199999999999998
1247,PL0016,sh3.2,pdz.1,13,H12,12,H,3,20,5.986,0.00800000000000001
1248,PL0016,empty,empty,14,A1,1,A,1,0,6.689,0.004
1249,PL0016,empty,empty,14,A2,2,A,2,0,7.1765,0.004
1250,PL0016,empty,empty,14,A3,3,A,3,0,7.19,0.004
1251,PL0016,empty,empty,14,A4,4,A,1,5,6.751,0.004
1252,PL0016,empty,empty,14,A5,5,A,2,5,6.906,0.00800000000000001
1253,PL0016,empty,empty,14,A6,6,A,3,5,7.0545,0.00800000000000001
1254,PL0016,empty,empty,14,A7,7,A,1,10,6.452,0.004
1255,PL0016,empty,empty,14,A8,8,A,2,10,5.9785,0.004
1256,PL0016,empty,empty,14,A9,9,A,3,10,6.0945,0.00800000000000001
1257,PL0016,empty,empty,14,A10,10,A,1,20,5.715,0.004
1258,PL0016,empty,empty,14,A11,11,A,2,20,6.1475,0.004
1259,PL0016,empty,empty,14,A12,12,A,3,20,5.945,0.004
1260,PL0001,sh3.1,pdz.1,14,B1,1,B,1,0,5.9845,0.004
1261,PL0001,sh3.1,pdz.1,14,B2,2,B,2,0,5.116,0.004
1262,PL0001,sh3.1,pdz.1,14,B3,3,B,3,0,4.923,0.004
1263,PL0001,sh3.1,pdz.1,14,B4,4,B,1,5,6.042,0.004
1264,PL0001,sh3.1,pdz.1,14,B5,5,B,2,5,5.045,0.004
1265,PL0001,sh3.1,pdz.1,14,B6,6,B,3,5,5.5765,0.004
1266,PL0001,sh3.1,pdz.1,14,B7,7,B,1,10,5.296,0.004
1267,PL0001,sh3.1,pdz.1,14,B8,8,B,2,10,5.3055,0.00800000000000001
1268,PL0001,sh3.1,pdz.1,14,B9,9,B,3,10,5.2425,0.004
1269,PL0001,sh3.1,pdz.1,14,B10,10,B,1,20,4.978,0.004
1270,PL0001,sh3.1,pdz.1,14,B11,11,B,2,20,4.886,0.00800000000000001
1271,PL0001,sh3.1,pdz.1,14,B12,12,B,3,20,5.257,0.004
1272,PL0001,sh3.3,pdz.3,14,C1,1,C,1,0,5.4375,0.00800000000000001
1273,PL0001,sh3.3,pdz.3,14,C2,2,C,2,0,4.105,0.004
1274,PL0001,sh3.3,pdz.3,14,C3,3,C,3,0,7.64,0.02
1275,PL0001,sh3.3,pdz.3,14,C4,4,C,1,5,5.274,0.004
1276,PL0001,sh3.3,pdz.3,14,C5,5,C,2,5,4.7135,0.004
1277,PL0001,sh3.3,pdz.3,14,C6,6,C,3,5,5.9265,0.00800000000000001
1278,PL0001,sh3.3,pdz.3,14,C7,7,C,1,10,5.262,0.00800000000000001
1279,PL0001,sh3.3,pdz.3,14,C8,8,C,2,10,4.906,0.00800000000000001
1280,PL0001,sh3.3,pdz.3,14,C9,9,C,3,10,5.947,0.00800000000000001
1281,PL0001,sh3.3,pdz.3,14,C10,10,C,1,20,5.176,0.00800000000000001
1282,PL0001,sh3.3,pdz.3,14,C11,11,C,2,20,4.6595,0.004
1283,PL0001,sh3.3,pdz.3,14,C12,12,C,3,20,6.116,0.00800000000000001
1284,PL0001,sh3.1,pdz.3,14,D1,1,D,1,0,5.819,0.00800000000000001
1285,PL0001,sh3.1,pdz.3,14,D2,2,D,2,0,5.048,0.004
1286,PL0001,sh3.1,pdz.3,14,D3,3,D,3,0,4.9355,0.004
1287,PL0001,sh3.1,pdz.3,14,D4,4,D,1,5,5.4195,0.00800000000000001
1288,PL0001,sh3.1,pdz.3,14,D5,5,D,2,5,5.025,0.00800000000000001
1289,PL0001,sh3.1,pdz.3,14,D6,6,D,3,5,5.327,0.004
1290,PL0001,sh3.1,pdz.3,14,D7,7,D,1,10,4.8075,0.004
1291,PL0001,sh3.1,pdz.3,14,D8,8,D,2,10,4.355,0.004
1292,PL0001,sh3.1,pdz.3,14,D9,9,D,3,10,5.102,0.004
1293,PL0001,sh3.1,pdz.3,14,D10,10,D,1,20,4.6725,0.004
1294,PL0001,sh3.1,pdz.3,14,D11,11,D,2,20,4.35,0.004
1295,PL0001,sh3.1,pdz.3,14,D12,12,D,3,20,5.988,0.004
1296,PL0001,sh3.3,pdz.1,14,E1,1,E,1,0,6.0275,0.004
1297,PL0001,sh3.3,pdz.1,14,E2,2,E,2,0,4.5325,0.004
1298,PL0001,sh3.3,pdz.1,14,E3,3,E,3,0,5.0375,0.004
1299,PL0001,sh3.3,pdz.1,14,E4,4,E,1,5,5.1425,0.004
1300,PL0001,sh3.3,pdz.1,14,E5,5,E,2,5,5.0565,0.004
1301,PL0001,sh3.3,pdz.1,14,E6,6,E,3,5,5.54,0.00800000000000001
1302,PL0001,sh3.3,pdz.1,14,E7,7,E,1,10,5.113,0.004
1303,PL0001,sh3.3,pdz.1,14,E8,8,E,2,10,4.7445,0.004
1304,PL0001,sh3.3,pdz.1,14,E9,9,E,3,10,4.788,0.004
1305,PL0001,sh3.3,pdz.1,14,E10,10,E,1,20,4.5815,0.004
1306,PL0001,sh3.3,pdz.1,14,E11,11,E,2,20,5.5715,0.016
1307,PL0001,sh3.3,pdz.1,14,E12,12,E,3,20,5.187,0.004
1308,PL0001,pdz.3,sh3.3,14,F1,1,F,1,0,6.4055,0.004
1309,PL0001,pdz.3,sh3.3,14,F2,2,F,2,0,4.7335,0.004
1310,PL0001,pdz.3,sh3.3,14,F3,3,F,3,0,5.395,0.004
1311,PL0001,pdz.3,sh3.3,14,F4,4,F,1,5,5.7285,0.004
1312,PL0001,pdz.3,sh3.3,14,F5,5,F,2,5,5.288,0.00799999999999995
1313,PL0001,pdz.3,sh3.3,14,F6,6,F,3,5,6.0275,0.004
1314,PL0001,pdz.3,sh3.3,14,F7,7,F,1,10,5.175,0.004
1315,PL0001,pdz.3,sh3.3,14,F8,8,F,2,10,5.0815,0.004
1316,PL0001,pdz.3,sh3.3,14,F9,9,F,3,10,5.5055,0.004
1317,PL0001,pdz.3,sh3.3,14,F10,10,F,1,20,5.505,0.00800000000000001
1318,PL0001,pdz.3,sh3.3,14,F11,11,F,2,20,5.291,0.004
1319,PL0001,pdz.3,sh3.3,14,F12,12,F,3,20,4.824,0.004
1320,PL0001,pdz.1,sh3.3,14,G1,1,G,1,0,5.3015,0.004
1321,PL0001,pdz.1,sh3.3,14,G2,2,G,2,0,5.0815,0.004
1322,PL0001,pdz.1,sh3.3,14,G3,3,G,3,0,4.3635,0.004
1323,PL0001,pdz.1,sh3.3,14,G4,4,G,1,5,4.836,0.004
1324,PL0001,pdz.1,sh3.3,14,G5,5,G,2,5,4.5655,0.004
1325,PL0001,pdz.1,sh3.3,14,G6,6,G,3,5,4.8485,0.004
1326,PL0001,pdz.1,sh3.3,14,G7,7,G,1,10,4.719,0.004
1327,PL0001,pdz.1,sh3.3,14,G8,8,G,2,10,3.923,0.004
1328,PL0001,pdz.1,sh3.3,14,G9,9,G,3,10,4.8065,0.004
1329,PL0001,pdz.1,sh3.3,14,G10,10,G,1,20,3.9935,0.004
1330,PL0001,pdz.1,sh3.3,14,G11,11,G,2,20,4.6895,0.004
1331,PL0001,pdz.1,sh3.3,14,G12,12,G,3,20,4.4045,0.004
1332,PL0001,pdz.3,sh3.1,14,H1,1,H,1,0,5.1585,0.004
1333,PL0001,pdz.3,sh3.1,14,H2,2,H,2,0,7.0725,0.00800000000000001
1334,PL0001,pdz.3,sh3.1,14,H3,3,H,3,0,5.3095,0.004
1335,PL0001,pdz.3,sh3.1,14,H4,4,H,1,5,6.3015,0.00800000000000001
1336,PL0001,pdz.3,sh3.1,14,H5,5,H,2,5,7.173,0.00800000000000001
1337,PL0001,pdz.3,sh3.1,14,H6,6,H,3,5,6.782,0.00800000000000001
1338,PL0001,pdz.3,sh3.1,14,H7,7,H,1,10,6.1385,0.004
1339,PL0001,pdz.3,sh3.1,14,H8,8,H,2,10,6.061,0.00800000000000001
1340,PL0001,pdz.3,sh3.1,14,H9,9,H,3,10,6.0145,0.004
1341,PL0001,pdz.3,sh3.1,14,H10,10,H,1,20,5.427,0.004
1342,PL0001,pdz.3,sh3.1,14,H11,11,H,2,20,6.001,0.00800000000000001
1343,PL0001,pdz.3,sh3.1,14,H12,12,H,3,20,5.7725,0.00800000000000001
1344,PL0001,pdz.1,sh3.1,15,A1,1,A,1,0,6.4525,0.004
1345,PL0001,pdz.1,sh3.1,15,A2,2,A,2,0,6.1285,0.004
1346,PL0001,pdz.1,sh3.1,15,A3,3,A,3,0,5.6235,0.004
1347,PL0001,pdz.1,sh3.1,15,A4,4,A,1,5,5.695,0.004
1348,PL0001,pdz.1,sh3.1,15,A5,5,A,2,5,5.5455,0.004
1349,PL0001,pdz.1,sh3.1,15,A6,6,A,3,5,5.2185,0.004
1350,PL0001,pdz.1,sh3.1,15,A7,7,A,1,10,6.0455,0.004
1351,PL0001,pdz.1,sh3.1,15,A8,8,A,2,10,6.014,0.004
1352,PL0001,pdz.1,sh3.1,15,A9,9,A,3,10,5.1265,0.004
1353,PL0001,pdz.1,sh3.1,15,A10,10,A,1,20,6.04,0.004
1354,PL0001,pdz.1,sh3.1,15,A11,11,A,2,20,5.5965,0.004
1355,PL0001,pdz.1,sh3.1,15,A12,12,A,3,20,4.707,0.004
1356,PL0001,sh3.1,pdz.2,15,B1,1,B,1,0,4.7605,0.004
1357,PL0001,sh3.1,pdz.2,15,B2,2,B,2,0,4.7585,0.004
1358,PL0001,sh3.1,pdz.2,15,B3,3,B,3,0,4.466,0.004
1359,PL0001,sh3.1,pdz.2,15,B4,4,B,1,5,4.501,0.004
1360,PL0001,sh3.1,pdz.2,15,B5,5,B,2,5,5.168,0.004
1361,PL0001,sh3.1,pdz.2,15,B6,6,B,3,5,5.5485,0.004
1362,PL0001,sh3.1,pdz.2,15,B7,7,B,1,10,4.9445,0.004
1363,PL0001,sh3.1,pdz.2,15,B8,8,B,2,10,5.018,0.004
1364,PL0001,sh3.1,pdz.2,15,B9,9,B,3,10,4.89,0.004
1365,PL0001,sh3.1,pdz.2,15,B10,10,B,1,20,4.7865,0.004
1366,PL0001,sh3.1,pdz.2,15,B11,11,B,2,20,5.08,0.004
1367,PL0001,sh3.1,pdz.2,15,B12,12,B,3,20,4.5745,0.004
1368,PL0001,sh3.2,pdz.2,15,C1,1,C,1,0,4.669,0.004
1369,PL0001,sh3.2,pdz.2,15,C2,2,C,2,0,4.78,0.004
1370,PL0001,sh3.2,pdz.2,15,C3,3,C,3,0,5.8965,0.004
1371,PL0001,sh3.2,pdz.2,15,C4,4,C,1,5,4.586,0.004
1372,PL0001,sh3.2,pdz.2,15,C5,5,C,2,5,5.332,0.004
1373,PL0001,sh3.2,pdz.2,15,C6,6,C,3,5,5.3065,0.004
1374,PL0001,sh3.2,pdz.2,15,C7,7,C,1,10,5.3785,0.00800000000000001
1375,PL0001,sh3.2,pdz.2,15,C8,8,C,2,10,5.032,0.004
1376,PL0001,sh3.2,pdz.2,15,C9,9,C,3,10,4.879,0.004
1377,PL0001,sh3.2,pdz.2,15,C10,10,C,1,20,4.6175,0.004
1378,PL0001,sh3.2,pdz.2,15,C11,11,C,2,20,5.4815,0.004
1379,PL0001,sh3.2,pdz.2,15,C12,12,C,3,20,5.9995,0.004
1380,PL0001,sh3.3,pdz.2,15,D1,1,D,1,0,4.7065,0.004
1381,PL0001,sh3.3,pdz.2,15,D2,2,D,2,0,5.0655,0.004
1382,PL0001,sh3.3,pdz.2,15,D3,3,D,3,0,4.7305,0.004
1383,PL0001,sh3.3,pdz.2,15,D4,4,D,1,5,4.8355,0.004
1384,PL0001,sh3.3,pdz.2,15,D5,5,D,2,5,5.4075,0.004
1385,PL0001,sh3.3,pdz.2,15,D6,6,D,3,5,5.0225,0.004
1386,PL0001,sh3.3,pdz.2,15,D7,7,D,1,10,5.039,0.004
1387,PL0001,sh3.3,pdz.2,15,D8,8,D,2,10,5.1925,0.004
1388,PL0001,sh3.3,pdz.2,15,D9,9,D,3,10,4.614,0.004
1389,PL0001,sh3.3,pdz.2,15,D10,10,D,1,20,4.599,0.004
1390,PL0001,sh3.3,pdz.2,15,D11,11,D,2,20,5.3365,0.004
1391,PL0001,sh3.3,pdz.2,15,D12,12,D,3,20,5.645,0.00800000000000001
1392,PL0001,pdz.3,sh3.2,15,E1,1,E,1,0,4.518,0.004
1393,PL0001,pdz.3,sh3.2,15,E2,2,E,2,0,5.504,0.00800000000000001
1394,PL0001,pdz.3,sh3.2,15,E3,3,E,3,0,4.9545,0.004
1395,PL0001,pdz.3,sh3.2,15,E4,4,E,1,5,4.493,0.004
1396,PL0001,pdz.3,sh3.2,15,E5,5,E,2,5,5.5185,0.004
1397,PL0001,pdz.3,sh3.2,15,E6,6,E,3,5,5.46,0.004
1398,PL0001,pdz.3,sh3.2,15,E7,7,E,1,10,4.7485,0.004
1399,PL0001,pdz.3,sh3.2,15,E8,8,E,2,10,5.894,0.004
1400,PL0001,pdz.3,sh3.2,15,E9,9,E,3,10,5.667,0.00800000000000001
1401,PL0001,pdz.3,sh3.2,15,E10,10,E,1,20,4.1395,0.004
1402,PL0001,pdz.3,sh3.2,15,E11,11,E,2,20,5.3785,0.004
1403,PL0001,pdz.3,sh3.2,15,E12,12,E,3,20,5.5295,0.004
1404,PL0001,sh3.1,sh3.1,15,F1,1,F,1,0,4.81,0.004
1405,PL0001,sh3.1,sh3.1,15,F2,2,F,2,0,4.8045,0.004
1406,PL0001,sh3.1,sh3.1,15,F3,3,F,3,0,4.7965,0.004
1407,PL0001,sh3.1,sh3.1,15,F4,4,F,1,5,4.873,0.004
1408,PL0001,sh3.1,sh3.1,15,F5,5,F,2,5,5.033,0.004
1409,PL0001,sh3.1,sh3.1,15,F6,6,F,3,5,4.9115,0.004
1410,PL0001,sh3.1,sh3.1,15,F7,7,F,1,10,5.238,0.004
1411,PL0001,sh3.1,sh3.1,15,F8,8,F,2,10,5.5465,0.004
1412,PL0001,sh3.1,sh3.1,15,F9,9,F,3,10,5.673,0.004
1413,PL0001,sh3.1,sh3.1,15,F10,10,F,1,20,4.1735,0.004
1414,PL0001,sh3.1,sh3.1,15,F11,11,F,2,20,4.386,0.004
1415,PL0001,sh3.1,sh3.1,15,F12,12,F,3,20,5.0685,0.004
1416,PL0001,sh3.1,sh3.2,15,G1,1,G,1,0,5.2745,0.004
1417,PL0001,sh3.1,sh3.2,15,G2,2,G,2,0,5.0935,0.004
1418,PL0001,sh3.1,sh3.2,15,G3,3,G,3,0,5.125,0.004
1419,PL0001,sh3.1,sh3.2,15,G4,4,G,1,5,5.4405,0.004
1420,PL0001,sh3.1,sh3.2,15,G5,5,G,2,5,5.6645,0.004
1421,PL0001,sh3.1,sh3.2,15,G6,6,G,3,5,5.2205,0.004
1422,PL0001,sh3.1,sh3.2,15,G7,7,G,1,10,5.8845,0.004
1423,PL0001,sh3.1,sh3.2,15,G8,8,G,2,10,5.8575,0.004
1424,PL0001,sh3.1,sh3.2,15,G9,9,G,3,10,5.3065,0.004
1425,PL0001,sh3.1,sh3.2,15,G10,10,G,1,20,4.7155,0.004
1426,PL0001,sh3.1,sh3.2,15,G11,11,G,2,20,5.1495,0.004
1427,PL0001,sh3.1,sh3.2,15,G12,12,G,3,20,5.0045,0.004
1428,PL0001,sh3.2,sh3.1,15,H1,1,H,1,0,6.055,0.004
1429,PL0001,sh3.2,sh3.1,15,H2,2,H,2,0,6.7885,0.00800000000000001
1430,PL0001,sh3.2,sh3.1,15,H3,3,H,3,0,6.618,0.00800000000000001
1431,PL0001,sh3.2,sh3.1,15,H4,4,H,1,5,6.6305,0.004
1432,PL0001,sh3.2,sh3.1,15,H5,5,H,2,5,7.516,0.00800000000000001
1433,PL0001,sh3.2,sh3.1,15,H6,6,H,3,5,6.8365,0.004
1434,PL0001,sh3.2,sh3.1,15,H7,7,H,1,10,6.6425,0.004
1435,PL0001,sh3.2,sh3.1,15,H8,8,H,2,10,7.7825,0.00800000000000001
1436,PL0001,sh3.2,sh3.1,15,H9,9,H,3,10,6.1945,0.004
1437,PL0001,sh3.2,sh3.1,15,H10,10,H,1,20,6.9,0.00800000000000001
1438,PL0001,sh3.2,sh3.1,15,H11,11,H,2,20,6.275,0.00800000000000001
1439,PL0001,sh3.2,sh3.1,15,H12,12,H,3,20,5.4995,0.004
1440,PL0001,pdz.1,pdz.1,16,A1,1,A,1,0,5.119,0.004
1441,PL0001,pdz.1,pdz.1,16,A2,2,A,2,0,4.9915,0.00799999999999995
1442,PL0001,pdz.1,pdz.1,16,A3,3,A,3,0,7.112,0.00800000000000001
1443,PL0001,pdz.1,pdz.1,16,A4,4,A,1,5,5.9615,0.004
1444,PL0001,pdz.1,pdz.1,16,A5,5,A,2,5,6.317,0.004
1445,PL0001,pdz.1,pdz.1,16,A6,6,A,3,5,5.0585,0.004
1446,PL0001,pdz.1,pdz.1,16,A7,7,A,1,10,4.924,0.004
1447,PL0001,pdz.1,pdz.1,16,A8,8,A,2,10,5.609,0.004
1448,PL0001,pdz.1,pdz.1,16,A9,9,A,3,10,5.423,0.004
1449,PL0001,pdz.1,pdz.1,16,A10,10,A,1,20,3.4645,0.004
1450,PL0001,pdz.1,pdz.1,16,A11,11,A,2,20,3.8995,0.004
1451,PL0001,pdz.1,pdz.1,16,A12,12,A,3,20,4.437,0.004
1452,PL0001,pdz.1,pdz.3,16,B1,1,B,1,0,4.6745,0.004
1453,PL0001,pdz.1,pdz.3,16,B2,2,B,2,0,5.376,0.004
1454,PL0001,pdz.1,pdz.3,16,B3,3,B,3,0,4.9905,0.004
1455,PL0001,pdz.1,pdz.3,16,B4,4,B,1,5,4.8505,0.004
1456,PL0001,pdz.1,pdz.3,16,B5,5,B,2,5,5.3845,0.004
1457,PL0001,pdz.1,pdz.3,16,B6,6,B,3,5,4.2415,0.004
1458,PL0001,pdz.1,pdz.3,16,B7,7,B,1,10,3.9315,0.004
1459,PL0001,pdz.1,pdz.3,16,B8,8,B,2,10,4.669,0.004
1460,PL0001,pdz.1,pdz.3,16,B9,9,B,3,10,4.4905,0.004
1461,PL0001,pdz.1,pdz.3,16,B10,10,B,1,20,2.2045,0.004
1462,PL0001,pdz.1,pdz.3,16,B11,11,B,2,20,2.5955,0.004
1463,PL0001,pdz.1,pdz.3,16,B12,12,B,3,20,3.882,0.004
1464,PL0001,pdz.3,pdz.3,16,C1,1,C,1,0,6.26,0.00800000000000001
1465,PL0001,pdz.3,pdz.3,16,C2,2,C,2,0,5.7375,0.00800000000000001
1466,PL0001,pdz.3,pdz.3,16,C3,3,C,3,0,6.6135,0.012
1467,PL0001,pdz.3,pdz.3,16,C4,4,C,1,5,7.03,0.016
1468,PL0001,pdz.3,pdz.3,16,C5,5,C,2,5,6.349,0.00800000000000001
1469,PL0001,pdz.3,pdz.3,16,C6,6,C,3,5,4.3555,0.004
1470,PL0001,pdz.3,pdz.3,16,C7,7,C,1,10,6.4085,0.00800000000000001
1471,PL0001,pdz.3,pdz.3,16,C8,8,C,2,10,6.2765,0.00800000000000001
1472,PL0001,pdz.3,pdz.3,16,C9,9,C,3,10,5.85,0.012
1473,PL0001,pdz.3,pdz.3,16,C10,10,C,1,20,4.18,0.012
1474,PL0001,pdz.3,pdz.3,16,C11,11,C,2,20,7.618,0.012
1475,PL0001,pdz.3,pdz.3,16,C12,12,C,3,20,4.058,0.004
1476,PL0001,pdz.1,sh3.2,16,D1,1,D,1,0,4.239,0.004
1477,PL0001,pdz.1,sh3.2,16,D2,2,D,2,0,4.653,0.004
1478,PL0001,pdz.1,sh3.2,16,D3,3,D,3,0,4.202,0.004
1479,PL0001,pdz.1,sh3.2,16,D4,4,D,1,5,4.299,0.004
1480,PL0001,pdz.1,sh3.2,16,D5,5,D,2,5,4.1175,0.004
1481,PL0001,pdz.1,sh3.2,16,D6,6,D,3,5,3.8205,0.004
1482,PL0001,pdz.1,sh3.2,16,D7,7,D,1,10,4.123,0.004
1483,PL0001,pdz.1,sh3.2,16,D8,8,D,2,10,4.1955,0.004
1484,PL0001,pdz.1,sh3.2,16,D9,9,D,3,10,3.5655,0.004
1485,PL0001,pdz.1,sh3.2,16,D10,10,D,1,20,2.7095,0.004
1486,PL0001,pdz.1,sh3.2,16,D11,11,D,2,20,2.8765,0.004
1487,PL0001,pdz.1,sh3.2,16,D12,12,D,3,20,3.342,0.004
1488,PL0001,sh3.2,pdz.1,16,E1,1,E,1,0,4.9415,0.004
1489,PL0001,sh3.2,pdz.1,16,E2,2,E,2,0,5.04,0.004
1490,PL0001,sh3.2,pdz.1,16,E3,3,E,3,0,5.128,0.00800000000000001
1491,PL0001,sh3.2,pdz.1,16,E4,4,E,1,5,4.8435,0.004
1492,PL0001,sh3.2,pdz.1,16,E5,5,E,2,5,4.5645,0.004
1493,PL0001,sh3.2,pdz.1,16,E6,6,E,3,5,3.5195,0.016
1494,PL0001,sh3.2,pdz.1,16,E7,7,E,1,10,5.117,0.004
1495,PL0001,sh3.2,pdz.1,16,E8,8,E,2,10,4.9225,0.004
1496,PL0001,sh3.2,pdz.1,16,E9,9,E,3,10,4.7345,0.004
1497,PL0001,sh3.2,pdz.1,16,E10,10,E,1,20,2.924,0.004
1498,PL0001,sh3.2,pdz.1,16,E11,11,E,2,20,3.407,0.004
1499,PL0001,sh3.2,pdz.1,16,E12,12,E,3,20,3.9735,0.004
1500,PL0001,empty,empty,16,F1,1,F,1,0,3.9645,0.004
1501,PL0001,empty,empty,16,F2,2,F,2,0,4.101,0.004
1502,PL0001,empty,empty,16,F3,3,F,3,0,4.164,0.004
1503,PL0001,empty,empty,16,F4,4,F,1,5,3.984,0.004
1504,PL0001,empty,empty,16,F5,5,F,2,5,4.334,0.004
1505,PL0001,empty,empty,16,F6,6,F,3,5,4.3675,0.004
1506,PL0001,empty,empty,16,F7,7,F,1,10,5.2345,0.004
1507,PL0001,empty,empty,16,F8,8,F,2,10,4.188,0.004
1508,PL0001,empty,empty,16,F9,9,F,3,10,4.2735,0.004
1509,PL0001,empty,empty,16,F10,10,F,1,20,2.0085,0.004
1510,PL0001,empty,empty,16,F11,11,F,2,20,2.721,0.004
1511,PL0001,empty,empty,16,F12,12,F,3,20,3.7615,0.004
1512,BY4741,sh3.1,pdz.1,16,G1,1,G,1,0,4.7395,0.004
1513,BY4741,sh3.1,pdz.1,16,G2,2,G,2,0,5.788,0.004
1514,BY4741,sh3.1,pdz.1,16,G3,3,G,3,0,6.192,0.004
1515,BY4741,sh3.1,pdz.1,16,G4,4,G,1,5,4.93,0.004
1516,BY4741,sh3.1,pdz.1,16,G5,5,G,2,5,6.437,0.004
1517,BY4741,sh3.1,pdz.1,16,G6,6,G,3,5,4.7785,0.004
1518,BY4741,sh3.1,pdz.1,16,G7,7,G,1,10,5.151,0.004
1519,BY4741,sh3.1,pdz.1,16,G8,8,G,2,10,5.5325,0.004
1520,BY4741,sh3.1,pdz.1,16,G9,9,G,3,10,6.0925,0.004
1521,BY4741,sh3.1,pdz.1,16,G10,10,G,1,20,2.5785,0.004
1522,BY4741,sh3.1,pdz.1,16,G11,11,G,2,20,5.8595,0.004
1523,BY4741,sh3.1,pdz.1,16,G12,12,G,3,20,4.394,0.004
1524,BY4741,sh3.3,pdz.3,16,H1,1,H,1,0,3.908,0.004
1525,BY4741,sh3.3,pdz.3,16,H2,2,H,2,0,7.464,0.012
1526,BY4741,sh3.3,pdz.3,16,H3,3,H,3,0,6.7975,0.00800000000000001
1527,BY4741,sh3.3,pdz.3,16,H4,4,H,1,5,4.8605,0.00800000000000001
1528,BY4741,sh3.3,pdz.3,16,H5,5,H,2,5,7.5785,0.02
1529,BY4741,sh3.3,pdz.3,16,H6,6,H,3,5,7.098,0.016
1530,BY4741,sh3.3,pdz.3,16,H7,7,H,1,10,4.612,0.004
1531,BY4741,sh3.3,pdz.3,16,H8,8,H,2,10,7.3995,0.012
1532,BY4741,sh3.3,pdz.3,16,H9,9,H,3,10,6.2755,0.012
1533,BY4741,sh3.3,pdz.3,16,H10,10,H,1,20,3.027,0.004
1534,BY4741,sh3.3,pdz.3,16,H11,11,H,2,20,5.3845,0.016
1535,BY4741,sh3.3,pdz.3,16,H12,12,H,3,20,4.872,0.00800000000000001
1536,BY4741,sh3.1,pdz.3,17,A1,1,A,1,0,9.4585,0.016
1537,BY4741,sh3.1,pdz.3,17,A2,2,A,2,0,10.111,0.016
1538,BY4741,sh3.1,pdz.3,17,A3,3,A,3,0,7.3075,0.012
1539,BY4741,sh3.1,pdz.3,17,A4,4,A,1,5,8.27,0.012
1540,BY4741,sh3.1,pdz.3,17,A5,5,A,2,5,6.5295,0.00800000000000001
1541,BY4741,sh3.1,pdz.3,17,A6,6,A,3,5,8.9355,0.012
1542,BY4741,sh3.1,pdz.3,17,A7,7,A,1,10,7.3065,0.012
1543,BY4741,sh3.1,pdz.3,17,A8,8,A,2,10,10.015,0.02
1544,BY4741,sh3.1,pdz.3,17,A9,9,A,3,10,8.8445,0.00800000000000001
1545,BY4741,sh3.1,pdz.3,17,A10,10,A,1,20,8.2975,0.012
1546,BY4741,sh3.1,pdz.3,17,A11,11,A,2,20,8.2075,0.012
1547,BY4741,sh3.1,pdz.3,17,A12,12,A,3,20,8.577,0.00800000000000001
1548,BY4741,sh3.3,pdz.1,17,B1,1,B,1,0,6.784,0.004
1549,BY4741,sh3.3,pdz.1,17,B2,2,B,2,0,7.717,0.00800000000000001
1550,BY4741,sh3.3,pdz.1,17,B3,3,B,3,0,4.4675,0.004
1551,BY4741,sh3.3,pdz.1,17,B4,4,B,1,5,7.4985,0.00800000000000001
1552,BY4741,sh3.3,pdz.1,17,B5,5,B,2,5,4.0765,0.004
1553,BY4741,sh3.3,pdz.1,17,B6,6,B,3,5,4.85,0.004
1554,BY4741,sh3.3,pdz.1,17,B7,7,B,1,10,6.539,0.00800000000000001
1555,BY4741,sh3.3,pdz.1,17,B8,8,B,2,10,7.1665,0.00800000000000001
1556,BY4741,sh3.3,pdz.1,17,B9,9,B,3,10,5.46,0.004
1557,BY4741,sh3.3,pdz.1,17,B10,10,B,1,20,7.2695,0.00800000000000001
1558,BY4741,sh3.3,pdz.1,17,B11,11,B,2,20,5.6265,0.004
1559,BY4741,sh3.3,pdz.1,17,B12,12,B,3,20,5.2505,0.004
1560,BY4741,pdz.3,sh3.3,17,C1,1,C,1,0,8.7605,0.012
1561,BY4741,pdz.3,sh3.3,17,C2,2,C,2,0,8.136,0.00800000000000001
1562,BY4741,pdz.3,sh3.3,17,C3,3,C,3,0,5.306,0.004
1563,BY4741,pdz.3,sh3.3,17,C4,4,C,1,5,7.708,0.00800000000000001
1564,BY4741,pdz.3,sh3.3,17,C5,5,C,2,5,5.3785,0.004
1565,BY4741,pdz.3,sh3.3,17,C6,6,C,3,5,5.248,0.004
1566,BY4741,pdz.3,sh3.3,17,C7,7,C,1,10,8.721,0.012
1567,BY4741,pdz.3,sh3.3,17,C8,8,C,2,10,7.2945,0.004
1568,BY4741,pdz.3,sh3.3,17,C9,9,C,3,10,6.18,0.004
1569,BY4741,pdz.3,sh3.3,17,C10,10,C,1,20,8.427,0.00800000000000001
1570,BY4741,pdz.3,sh3.3,17,C11,11,C,2,20,6.6775,0.00799999999999995
1571,BY4741,pdz.3,sh3.3,17,C12,12,C,3,20,5.7885,0.00800000000000001
1572,BY4741,pdz.1,sh3.3,17,D1,1,D,1,0,6.311,0.004
1573,BY4741,pdz.1,sh3.3,17,D2,2,D,2,0,7.4615,0.004
1574,BY4741,pdz.1,sh3.3,17,D3,3,D,3,0,4.5405,0.004
1575,BY4741,pdz.1,sh3.3,17,D4,4,D,1,5,6.3385,0.004
1576,BY4741,pdz.1,sh3.3,17,D5,5,D,2,5,5.076,0.004
1577,BY4741,pdz.1,sh3.3,17,D6,6,D,3,5,4.5025,0.004
1578,BY4741,pdz.1,sh3.3,17,D7,7,D,1,10,6.2645,0.004
1579,BY4741,pdz.1,sh3.3,17,D8,8,D,2,10,6.345,0.004
1580,BY4741,pdz.1,sh3.3,17,D9,9,D,3,10,4.708,0.004
1581,BY4741,pdz.1,sh3.3,17,D10,10,D,1,20,6.4735,0.004
1582,BY4741,pdz.1,sh3.3,17,D11,11,D,2,20,5.2805,0.004
1583,BY4741,pdz.1,sh3.3,17,D12,12,D,3,20,4.7395,0.004
1584,BY4741,pdz.3,sh3.1,17,E1,1,E,1,0,6.7695,0.00800000000000001
1585,BY4741,pdz.3,sh3.1,17,E2,2,E,2,0,7.6425,0.00800000000000001
1586,BY4741,pdz.3,sh3.1,17,E3,3,E,3,0,4.88,0.004
1587,BY4741,pdz.3,sh3.1,17,E4,4,E,1,5,7.177,0.00800000000000001
1588,BY4741,pdz.3,sh3.1,17,E5,5,E,2,5,5.489,0.004
1589,BY4741,pdz.3,sh3.1,17,E6,6,E,3,5,4.9745,0.004
1590,BY4741,pdz.3,sh3.1,17,E7,7,E,1,10,6.838,0.00800000000000001
1591,BY4741,pdz.3,sh3.1,17,E8,8,E,2,10,5.94,0.004
1592,BY4741,pdz.3,sh3.1,17,E9,9,E,3,10,5.399,0.004
1593,BY4741,pdz.3,sh3.1,17,E10,10,E,1,20,6.289,0.00800000000000001
1594,BY4741,pdz.3,sh3.1,17,E11,11,E,2,20,5.4305,0.004
1595,BY4741,pdz.3,sh3.1,17,E12,12,E,3,20,5.1635,0.004
1596,BY4741,pdz.1,sh3.1,17,F1,1,F,1,0,6.2625,0.004
1597,BY4741,pdz.1,sh3.1,17,F2,2,F,2,0,8.5935,0.004
1598,BY4741,pdz.1,sh3.1,17,F3,3,F,3,0,4.8735,0.00800000000000001
1599,BY4741,pdz.1,sh3.1,17,F4,4,F,1,5,5.269,0.004
1600,BY4741,pdz.1,sh3.1,17,F5,5,F,2,5,5.695,0.004
1601,BY4741,pdz.1,sh3.1,17,F6,6,F,3,5,5.4305,0.004
1602,BY4741,pdz.1,sh3.1,17,F7,7,F,1,10,5.4,0.004
1603,BY4741,pdz.1,sh3.1,17,F8,8,F,2,10,5.9105,0.004
1604,BY4741,pdz.1,sh3.1,17,F9,9,F,3,10,5.8275,0.004
1605,BY4741,pdz.1,sh3.1,17,F10,10,F,1,20,5.107,0.004
1606,BY4741,pdz.1,sh3.1,17,F11,11,F,2,20,6.096,0.004
1607,BY4741,pdz.1,sh3.1,17,F12,12,F,3,20,5.646,0.004
1608,BY4741,sh3.1,pdz.2,17,G1,1,G,1,0,7.3695,0.004
1609,BY4741,sh3.1,pdz.2,17,G2,2,G,2,0,7.7535,0.004
1610,BY4741,sh3.1,pdz.2,17,G3,3,G,3,0,4.668,0.004
1611,BY4741,sh3.1,pdz.2,17,G4,4,G,1,5,7.497,0.004
1612,BY4741,sh3.1,pdz.2,17,G5,5,G,2,5,5.87,0.004
1613,BY4741,sh3.1,pdz.2,17,G6,6,G,3,5,5.411,0.004
1614,BY4741,sh3.1,pdz.2,17,G7,7,G,1,10,7.0465,0.004
1615,BY4741,sh3.1,pdz.2,17,G8,8,G,2,10,6.7465,0.004
1616,BY4741,sh3.1,pdz.2,17,G9,9,G,3,10,5.3575,0.004
1617,BY4741,sh3.1,pdz.2,17,G10,10,G,1,20,7.659,0.00800000000000001
1618,BY4741,sh3.1,pdz.2,17,G11,11,G,2,20,6.0325,0.004
1619,BY4741,sh3.1,pdz.2,17,G12,12,G,3,20,5.153,0.004
1620,BY4741,sh3.2,pdz.2,17,H1,1,H,1,0,9.114,0.004
1621,BY4741,sh3.2,pdz.2,17,H2,2,H,2,0,10.4425,0.00800000000000001
1622,BY4741,sh3.2,pdz.2,17,H3,3,H,3,0,7.7405,0.00800000000000001
1623,BY4741,sh3.2,pdz.2,17,H4,4,H,1,5,9.5115,0.00800000000000001
1624,BY4741,sh3.2,pdz.2,17,H5,5,H,2,5,7.319,0.00800000000000001
1625,BY4741,sh3.2,pdz.2,17,H6,6,H,3,5,7.37,0.00800000000000001
1626,BY4741,sh3.2,pdz.2,17,H7,7,H,1,10,9.1165,0.00800000000000001
1627,BY4741,sh3.2,pdz.2,17,H8,8,H,2,10,9.525,0.00800000000000001
1628,BY4741,sh3.2,pdz.2,17,H9,9,H,3,10,7.7945,0.00800000000000001
1629,BY4741,sh3.2,pdz.2,17,H10,10,H,1,20,8.822,0.004
1630,BY4741,sh3.2,pdz.2,17,H11,11,H,2,20,7.014,0.00800000000000001
1631,BY4741,sh3.2,pdz.2,17,H12,12,H,3,20,6.569,0.00800000000000001
1632,BY4741,sh3.3,pdz.2,18,A1,1,A,1,0,4.4455,0.004
1633,BY4741,sh3.3,pdz.2,18,A2,2,A,2,0,5.3355,0.004
1634,BY4741,sh3.3,pdz.2,18,A3,3,A,3,0,5.3445,0.004
1635,BY4741,sh3.3,pdz.2,18,A4,4,A,1,5,5.222,0.004
1636,BY4741,sh3.3,pdz.2,18,A5,5,A,2,5,6.4165,0.00800000000000001
1637,BY4741,sh3.3,pdz.2,18,A6,6,A,3,5,5.3475,0.004
1638,BY4741,sh3.3,pdz.2,18,A7,7,A,1,10,5.687,0.004
1639,BY4741,sh3.3,pdz.2,18,A8,8,A,2,10,5.185,0.004
1640,BY4741,sh3.3,pdz.2,18,A9,9,A,3,10,5.4465,0.004
1641,BY4741,sh3.3,pdz.2,18,A10,10,A,1,20,4.4865,0.004
1642,BY4741,sh3.3,pdz.2,18,A11,11,A,2,20,4.509,0.004
1643,BY4741,sh3.3,pdz.2,18,A12,12,A,3,20,5.173,0.004
1644,BY4741,pdz.3,sh3.2,18,B1,1,B,1,0,3.3965,0.004
1645,BY4741,pdz.3,sh3.2,18,B2,2,B,2,0,5.1955,0.004
1646,BY4741,pdz.3,sh3.2,18,B3,3,B,3,0,5.8785,0.004
1647,BY4741,pdz.3,sh3.2,18,B4,4,B,1,5,4.744,0.004
1648,BY4741,pdz.3,sh3.2,18,B5,5,B,2,5,5.232,0.004
1649,BY4741,pdz.3,sh3.2,18,B6,6,B,3,5,5.479,0.004
1650,BY4741,pdz.3,sh3.2,18,B7,7,B,1,10,4.2305,0.004
1651,BY4741,pdz.3,sh3.2,18,B8,8,B,2,10,5.3985,0.004
1652,BY4741,pdz.3,sh3.2,18,B9,9,B,3,10,4.75,0.004
1653,BY4741,pdz.3,sh3.2,18,B10,10,B,1,20,4.184,0.00800000000000001
1654,BY4741,pdz.3,sh3.2,18,B11,11,B,2,20,5.236,0.004
1655,BY4741,pdz.3,sh3.2,18,B12,12,B,3,20,5.4425,0.004
1656,BY4741,sh3.1,sh3.1,18,C1,1,C,1,0,5.287,0.004
1657,BY4741,sh3.1,sh3.1,18,C2,2,C,2,0,6.0425,0.00800000000000001
1658,BY4741,sh3.1,sh3.1,18,C3,3,C,3,0,3.8585,0.004
1659,BY4741,sh3.1,sh3.1,18,C4,4,C,1,5,6.8205,0.004
1660,BY4741,sh3.1,sh3.1,18,C5,5,C,2,5,5.4145,0.004
1661,BY4741,sh3.1,sh3.1,18,C6,6,C,3,5,4.217,0.004
1662,BY4741,sh3.1,sh3.1,18,C7,7,C,1,10,5.837,0.00799999999999995
1663,BY4741,sh3.1,sh3.1,18,C8,8,C,2,10,5.939,0.004
1664,BY4741,sh3.1,sh3.1,18,C9,9,C,3,10,4.2685,0.004
1665,BY4741,sh3.1,sh3.1,18,C10,10,C,1,20,5.986,0.004
1666,BY4741,sh3.1,sh3.1,18,C11,11,C,2,20,5.4375,0.00800000000000001
1667,BY4741,sh3.1,sh3.1,18,C12,12,C,3,20,5.1025,0.004
1668,BY4741,sh3.1,sh3.2,18,D1,1,D,1,0,3.631,0.004
1669,BY4741,sh3.1,sh3.2,18,D2,2,D,2,0,5.186,0.004
1670,BY4741,sh3.1,sh3.2,18,D3,3,D,3,0,6.9485,0.00800000000000001
1671,BY4741,sh3.1,sh3.2,18,D4,4,D,1,5,4.369,0.004
1672,BY4741,sh3.1,sh3.2,18,D5,5,D,2,5,5.6455,0.004
1673,BY4741,sh3.1,sh3.2,18,D6,6,D,3,5,6.1905,0.00800000000000001
1674,BY4741,sh3.1,sh3.2,18,D7,7,D,1,10,3.861,0.004
1675,BY4741,sh3.1,sh3.2,18,D8,8,D,2,10,6.4575,0.00800000000000001
1676,BY4741,sh3.1,sh3.2,18,D9,9,D,3,10,5.3855,0.00800000000000001
1677,BY4741,sh3.1,sh3.2,18,D10,10,D,1,20,3.892,0.004
1678,BY4741,sh3.1,sh3.2,18,D11,11,D,2,20,5.7645,0.004
1679,BY4741,sh3.1,sh3.2,18,D12,12,D,3,20,6.1815,0.00800000000000001
1680,BY4741,sh3.2,sh3.1,18,E1,1,E,1,0,3.855,0.004
1681,BY4741,sh3.2,sh3.1,18,E2,2,E,2,0,4.756,0.004
1682,BY4741,sh3.2,sh3.1,18,E3,3,E,3,0,4.3615,0.004
1683,BY4741,sh3.2,sh3.1,18,E4,4,E,1,5,4.761,0.004
1684,BY4741,sh3.2,sh3.1,18,E5,5,E,2,5,4.537,0.004
1685,BY4741,sh3.2,sh3.1,18,E6,6,E,3,5,3.659,0.004
1686,BY4741,sh3.2,sh3.1,18,E7,7,E,1,10,4.2395,0.004
1687,BY4741,sh3.2,sh3.1,18,E8,8,E,2,10,5.057,0.004
1688,BY4741,sh3.2,sh3.1,18,E9,9,E,3,10,3.274,0.004
1689,BY4741,sh3.2,sh3.1,18,E10,10,E,1,20,3.667,0.004
1690,BY4741,sh3.2,sh3.1,18,E11,11,E,2,20,6.482,0.016
1691,BY4741,sh3.2,sh3.1,18,E12,12,E,3,20,4.174,0.004
1692,BY4741,pdz.1,pdz.1,18,F1,1,F,1,0,4.47,0.004
1693,BY4741,pdz.1,pdz.1,18,F2,2,F,2,0,4.1695,0.004
1694,BY4741,pdz.1,pdz.1,18,F3,3,F,3,0,3.989,0.004
1695,BY4741,pdz.1,pdz.1,18,F4,4,F,1,5,5.704,0.004
1696,BY4741,pdz.1,pdz.1,18,F5,5,F,2,5,4.3145,0.004
1697,BY4741,pdz.1,pdz.1,18,F6,6,F,3,5,4.2535,0.004
1698,BY4741,pdz.1,pdz.1,18,F7,7,F,1,10,5.2335,0.00800000000000001
1699,BY4741,pdz.1,pdz.1,18,F8,8,F,2,10,4.3235,0.004
1700,BY4741,pdz.1,pdz.1,18,F9,9,F,3,10,4.151,0.004
1701,BY4741,pdz.1,pdz.1,18,F10,10,F,1,20,5.0145,0.00800000000000001
1702,BY4741,pdz.1,pdz.1,18,F11,11,F,2,20,3.9975,0.004
1703,BY4741,pdz.1,pdz.1,18,F12,12,F,3,20,4.175,0.004
1704,BY4741,pdz.1,pdz.3,18,G1,1,G,1,0,4.291,0.004
1705,BY4741,pdz.1,pdz.3,18,G2,2,G,2,0,6.1735,0.004
1706,BY4741,pdz.1,pdz.3,18,G3,3,G,3,0,5.0905,0.00800000000000001
1707,BY4741,pdz.1,pdz.3,18,G4,4,G,1,5,4.991,0.004
1708,BY4741,pdz.1,pdz.3,18,G5,5,G,2,5,6.3605,0.004
1709,BY4741,pdz.1,pdz.3,18,G6,6,G,3,5,5.4385,0.004
1710,BY4741,pdz.1,pdz.3,18,G7,7,G,1,10,4.177,0.004
1711,BY4741,pdz.1,pdz.3,18,G8,8,G,2,10,6.735,0.00800000000000001
1712,BY4741,pdz.1,pdz.3,18,G9,9,G,3,10,4.805,0.004
1713,BY4741,pdz.1,pdz.3,18,G10,10,G,1,20,4.074,0.016
1714,BY4741,pdz.1,pdz.3,18,G11,11,G,2,20,6.567,0.004
1715,BY4741,pdz.1,pdz.3,18,G12,12,G,3,20,5.8485,0.004
1716,BY4741,pdz.3,pdz.3,18,H1,1,H,1,0,5.6645,0.012
1717,BY4741,pdz.3,pdz.3,18,H2,2,H,2,0,8.549,0.00800000000000001
1718,BY4741,pdz.3,pdz.3,18,H3,3,H,3,0,9.55,0.02
1719,BY4741,pdz.3,pdz.3,18,H4,4,H,1,5,6.979,0.012
1720,BY4741,pdz.3,pdz.3,18,H5,5,H,2,5,9.4595,0.012
1721,BY4741,pdz.3,pdz.3,18,H6,6,H,3,5,9.968,0.028
1722,BY4741,pdz.3,pdz.3,18,H7,7,H,1,10,6.6145,0.016
1723,BY4741,pdz.3,pdz.3,18,H8,8,H,2,10,8.0695,0.00800000000000001
1724,BY4741,pdz.3,pdz.3,18,H9,9,H,3,10,7.7945,0.02
1725,BY4741,pdz.3,pdz.3,18,H10,10,H,1,20,4.7915,0.004
1726,BY4741,pdz.3,pdz.3,18,H11,11,H,2,20,7.559,0.012
1727,BY4741,pdz.3,pdz.3,18,H12,12,H,3,20,7.628,0.016
1728,BY4741,pdz.1,sh3.2,19,A1,1,A,1,0,2.942,0.004
1729,BY4741,pdz.1,sh3.2,19,A2,2,A,2,0,15.904,0.0560000000000001
1730,BY4741,pdz.1,sh3.2,19,A3,3,A,3,0,3.0355,0.004
1731,BY4741,pdz.1,sh3.2,19,A4,4,A,1,5,5.0925,0.004
1732,BY4741,pdz.1,sh3.2,19,A5,5,A,2,5,4.568,0.004
1733,BY4741,pdz.1,sh3.2,19,A6,6,A,3,5,2.8925,0.004
1734,BY4741,pdz.1,sh3.2,19,A7,7,A,1,10,2.9615,0.004
1735,BY4741,pdz.1,sh3.2,19,A8,8,A,2,10,2.8625,0.004
1736,BY4741,pdz.1,sh3.2,19,A9,9,A,3,10,3.538,0.004
1737,BY4741,pdz.1,sh3.2,19,A10,10,A,1,20,4.279,0.004
1738,BY4741,pdz.1,sh3.2,19,A11,11,A,2,20,2.624,0.004
1739,BY4741,pdz.1,sh3.2,19,A12,12,A,3,20,3.1585,0.004
1740,BY4741,sh3.2,pdz.1,19,B1,1,B,1,0,5.4705,0.004
1741,BY4741,sh3.2,pdz.1,19,B2,2,B,2,0,2.8895,0.004
1742,BY4741,sh3.2,pdz.1,19,B3,3,B,3,0,2.144,0.004
1743,BY4741,sh3.2,pdz.1,19,B4,4,B,1,5,5.9355,0.00800000000000001
1744,BY4741,sh3.2,pdz.1,19,B5,5,B,2,5,4.766,0.00800000000000001
1745,BY4741,sh3.2,pdz.1,19,B6,6,B,3,5,2.827,0.004
1746,BY4741,sh3.2,pdz.1,19,B7,7,B,1,10,2.8345,0.004
1747,BY4741,sh3.2,pdz.1,19,B8,8,B,2,10,3.2815,0.004
1748,BY4741,sh3.2,pdz.1,19,B9,9,B,3,10,3.2095,0.004
1749,BY4741,sh3.2,pdz.1,19,B10,10,B,1,20,3.437,0.004
1750,BY4741,sh3.2,pdz.1,19,B11,11,B,2,20,2.8105,0.004
1751,BY4741,sh3.2,pdz.1,19,B12,12,B,3,20,3.589,0.004
1752,BY4741,empty,empty,19,C1,1,C,1,0,2.7335,0.004
1753,BY4741,empty,empty,19,C2,2,C,2,0,2.578,0.004
1754,BY4741,empty,empty,19,C3,3,C,3,0,2.397,0.004
1755,BY4741,empty,empty,19,C4,4,C,1,5,4.6035,0.00800000000000001
1756,BY4741,empty,empty,19,C5,5,C,2,5,3.8185,0.004
1757,BY4741,empty,empty,19,C6,6,C,3,5,2.5315,0.004
1758,BY4741,empty,empty,19,C7,7,C,1,10,2.932,0.004
1759,BY4741,empty,empty,19,C8,8,C,2,10,3.1485,0.004
1760,BY4741,empty,empty,19,C9,9,C,3,10,2.4535,0.004
1761,BY4741,empty,empty,19,C10,10,C,1,20,4.1925,0.004
1762,BY4741,empty,empty,19,C11,11,C,2,20,3.847,0.00800000000000001
1763,BY4741,empty,empty,19,C12,12,C,3,20,3.492,0.004
