,D12,well,D3,strain,estradiol,replicate,plate,auc,dgr
0,pdz1,A1,sh31,PL0012,0,1,1.0,4.497,0.0040000000000000036
1,pdz1,B1,sh33,PL0012,0,1,1.0,3.7135000000000007,0.0040000000000000036
2,pdz3,C1,sh31,PL0012,0,1,1.0,5.632,0.015999999999999903
3,pdz3,D1,sh33,PL0012,0,1,1.0,6.425500000000001,0.020000000000000018
4,sh31,E1,pdz1,PL0012,0,1,1.0,5.006,0.01200000000000001
5,sh31,F1,pdz3,PL0012,0,1,1.0,8.1395,0.03600000000000003
6,sh33,G1,pdz1,PL0012,0,1,1.0,5.3375,0.01200000000000001
7,sh33,H1,pdz3,PL0012,0,1,1.0,17.6255,0.06800000000000006
8,pdz1,A2,sh31,PL0012,0,2,1.0,4.954000000000001,0.0040000000000000036
9,pdz1,B2,sh33,PL0012,0,2,1.0,3.6359999999999997,0.0040000000000000036
10,pdz3,C2,sh31,PL0012,0,2,1.0,4.171,0.008000000000000007
11,pdz3,D2,sh33,PL0012,0,2,1.0,5.7860000000000005,0.016000000000000014
12,sh31,E2,pdz1,PL0012,0,2,1.0,6.6354999999999995,0.016000000000000014
13,sh31,F2,pdz3,PL0012,0,2,1.0,10.5605,0.03200000000000003
14,sh33,G2,pdz1,PL0012,0,2,1.0,6.765000000000001,0.020000000000000018
15,sh33,H2,pdz3,PL0012,0,2,1.0,12.627499999999998,0.04400000000000004
16,pdz1,A3,sh31,PL0012,0,3,1.0,4.013,0.0040000000000000036
17,pdz1,B3,sh33,PL0012,0,3,1.0,3.3225000000000002,0.008000000000000007
18,pdz3,C3,sh31,PL0012,0,3,1.0,5.006500000000001,0.016000000000000014
19,pdz3,D3,sh33,PL0012,0,3,1.0,5.9765,0.016000000000000014
20,sh31,E3,pdz1,PL0012,0,3,1.0,6.4035,0.01200000000000001
21,sh31,F3,pdz3,PL0012,0,3,1.0,8.222999999999999,0.028000000000000025
22,sh33,G3,pdz1,PL0012,0,3,1.0,4.436,0.008000000000000007
23,sh33,H3,pdz3,PL0012,0,3,1.0,9.807500000000001,0.028000000000000025
24,pdz1,A4,sh31,PL0012,5,1,1.0,26.529999999999998,0.06400000000000006
25,pdz1,B4,sh33,PL0012,5,1,1.0,4.319500000000001,0.008000000000000007
26,pdz3,C4,sh31,PL0012,5,1,1.0,5.4055,0.01200000000000001
27,pdz3,D4,sh33,PL0012,5,1,1.0,7.336499999999999,0.020000000000000018
28,sh31,E4,pdz1,PL0012,5,1,1.0,41.36,0.07200000000000006
29,sh31,F4,pdz3,PL0012,5,1,1.0,11.6905,0.04400000000000004
30,sh33,G4,pdz1,PL0012,5,1,1.0,11.323,0.040000000000000036
31,sh33,H4,pdz3,PL0012,5,1,1.0,14.652000000000001,0.06000000000000005
32,pdz1,A5,sh31,PL0012,5,2,1.0,22.225500000000004,0.06000000000000005
33,pdz1,B5,sh33,PL0012,5,2,1.0,5.1575,0.008000000000000007
34,pdz3,C5,sh31,PL0012,5,2,1.0,6.803999999999999,0.020000000000000018
35,pdz3,D5,sh33,PL0012,5,2,1.0,5.9110000000000005,0.016000000000000014
36,sh31,E5,pdz1,PL0012,5,2,1.0,44.1195,0.07599999999999962
37,sh31,F5,pdz3,PL0012,5,2,1.0,13.848499999999998,0.0519999999999996
38,sh33,G5,pdz1,PL0012,5,2,1.0,7.896,0.02400000000000002
39,sh33,H5,pdz3,PL0012,5,2,1.0,10.238499999999998,0.03200000000000003
40,pdz1,A6,sh31,PL0012,5,3,1.0,20.5905,0.06000000000000005
41,pdz1,B6,sh33,PL0012,5,3,1.0,4.619,0.008000000000000007
42,pdz3,C6,sh31,PL0012,5,3,1.0,8.4315,0.02400000000000002
43,pdz3,D6,sh33,PL0012,5,3,1.0,6.338000000000001,0.020000000000000018
44,sh31,E6,pdz1,PL0012,5,3,1.0,43.474000000000004,0.07200000000000006
45,sh31,F6,pdz3,PL0012,5,3,1.0,13.583,0.052000000000000046
46,sh33,G6,pdz1,PL0012,5,3,1.0,6.9159999999999995,0.016000000000000014
47,sh33,H6,pdz3,PL0012,5,3,1.0,9.656999999999998,0.03600000000000003
48,pdz1,A7,sh31,PL0012,10,1,1.0,38.028499999999994,0.07999999999999963
49,pdz1,B7,sh33,PL0012,10,1,1.0,5.5665000000000004,0.01200000000000001
50,pdz3,C7,sh31,PL0012,10,1,1.0,9.008000000000001,0.03200000000000003
51,pdz3,D7,sh33,PL0012,10,1,1.0,6.772,0.020000000000000018
52,sh31,E7,pdz1,PL0012,10,1,1.0,53.74899999999999,0.08399999999999963
53,sh31,F7,pdz3,PL0012,10,1,1.0,20.999000000000002,0.07600000000000007
54,sh33,G7,pdz1,PL0012,10,1,1.0,10.090500000000002,0.03999999999999959
55,sh33,H7,pdz3,PL0012,10,1,1.0,10.795,0.03999999999999959
56,pdz1,A8,sh31,PL0012,10,2,1.0,32.891,0.07200000000000006
57,pdz1,B8,sh33,PL0012,10,2,1.0,5.8045,0.008000000000000007
58,pdz3,C8,sh31,PL0012,10,2,1.0,6.209,0.016000000000000014
59,pdz3,D8,sh33,PL0012,10,2,1.0,5.6275,0.01200000000000001
60,sh31,E8,pdz1,PL0012,10,2,1.0,55.23,0.08800000000000008
61,sh31,F8,pdz3,PL0012,10,2,1.0,15.9805,0.05600000000000005
62,sh33,G8,pdz1,PL0012,10,2,1.0,9.6635,0.03600000000000003
63,sh33,H8,pdz3,PL0012,10,2,1.0,11.687000000000001,0.04400000000000004
64,pdz1,A9,sh31,PL0012,10,3,1.0,29.171499999999998,0.07200000000000006
65,pdz1,B9,sh33,PL0012,10,3,1.0,4.237,0.0040000000000000036
66,pdz3,C9,sh31,PL0012,10,3,1.0,6.128,0.016000000000000014
67,pdz3,D9,sh33,PL0012,10,3,1.0,6.242,0.016000000000000014
68,sh31,E9,pdz1,PL0012,10,3,1.0,45.4665,0.07600000000000007
69,sh31,F9,pdz3,PL0012,10,3,1.0,17.249999999999996,0.06399999999999961
70,sh33,G9,pdz1,PL0012,10,3,1.0,10.1935,0.040000000000000036
71,sh33,H9,pdz3,PL0012,10,3,1.0,12.915999999999999,0.05600000000000005
72,pdz1,A10,sh31,PL0012,20,1,1.0,46.63849999999999,0.08800000000000008
73,pdz1,B10,sh33,PL0012,20,1,1.0,4.8655,0.008000000000000007
74,pdz3,C10,sh31,PL0012,20,1,1.0,8.6105,0.028000000000000025
75,pdz3,D10,sh33,PL0012,20,1,1.0,7.848999999999999,0.02400000000000002
76,sh31,E10,pdz1,PL0012,20,1,1.0,65.53049999999999,0.10000000000000009
77,sh31,F10,pdz3,PL0012,20,1,1.0,25.615999999999996,0.08400000000000007
78,sh33,G10,pdz1,PL0012,20,1,1.0,12.049000000000001,0.0519999999999996
79,sh33,H10,pdz3,PL0012,20,1,1.0,12.0005,0.04800000000000004
80,pdz1,A11,sh31,PL0012,20,2,1.0,43.251000000000005,0.08800000000000008
81,pdz1,B11,sh33,PL0012,20,2,1.0,6.4155,0.01200000000000001
82,pdz3,C11,sh31,PL0012,20,2,1.0,9.9925,0.03600000000000003
83,pdz3,D11,sh33,PL0012,20,2,1.0,5.419500000000001,0.01200000000000001
84,sh31,E11,pdz1,PL0012,20,2,1.0,63.169,0.09600000000000009
85,sh31,F11,pdz3,PL0012,20,2,1.0,23.051000000000002,0.08000000000000007
86,sh33,G11,pdz1,PL0012,20,2,1.0,9.353499999999999,0.03600000000000003
87,sh33,H11,pdz3,PL0012,20,2,1.0,11.712,0.04400000000000004
88,pdz1,A12,sh31,PL0012,20,3,1.0,39.6895,0.07600000000000007
89,pdz1,B12,sh33,PL0012,20,3,1.0,8.761000000000001,0.02400000000000002
90,pdz3,C12,sh31,PL0012,20,3,1.0,8.745000000000001,0.028000000000000025
91,pdz3,D12,sh33,PL0012,20,3,1.0,7.699999999999999,0.020000000000000018
92,sh31,E12,pdz1,PL0012,20,3,1.0,64.05799999999999,0.09200000000000008
93,sh31,F12,pdz3,PL0012,20,3,1.0,22.465,0.07600000000000007
94,sh33,G12,pdz1,PL0012,20,3,1.0,8.6265,0.031999999999999806
95,sh33,H12,pdz3,PL0012,20,3,1.0,10.336,0.03200000000000003
96,pdz1,A1,sh31,PL0013,0,1,2.0,4.793,0.0040000000000000036
97,pdz1,B1,sh33,PL0013,0,1,2.0,4.554500000000001,0.0040000000000000036
98,pdz3,C1,sh31,PL0013,0,1,2.0,7.176500000000001,0.016000000000000014
99,pdz3,D1,sh33,PL0013,0,1,2.0,6.264,0.01200000000000001
100,sh31,E1,pdz1,PL0013,0,1,2.0,8.134500000000001,0.02400000000000002
101,sh31,F1,pdz3,PL0013,0,1,2.0,5.793,0.008000000000000007
102,sh33,G1,pdz1,PL0013,0,1,2.0,9.130999999999998,0.020000000000000018
103,sh33,H1,pdz3,PL0013,0,1,2.0,13.2275,0.04800000000000004
104,pdz1,A2,sh31,PL0013,0,2,2.0,4.6125,0.0040000000000000036
105,pdz1,B2,sh33,PL0013,0,2,2.0,3.9515000000000002,0.0040000000000000036
106,pdz3,C2,sh31,PL0013,0,2,2.0,8.518999999999998,0.028000000000000025
107,pdz3,D2,sh33,PL0013,0,2,2.0,6.0794999999999995,0.01200000000000001
108,sh31,E2,pdz1,PL0013,0,2,2.0,9.527499999999998,0.02400000000000002
109,sh31,F2,pdz3,PL0013,0,2,2.0,6.951,0.016000000000000014
110,sh33,G2,pdz1,PL0013,0,2,2.0,8.2265,0.020000000000000018
111,sh33,H2,pdz3,PL0013,0,2,2.0,10.0525,0.03199999999999992
112,pdz1,A3,sh31,PL0013,0,3,2.0,3.1385000000000005,0.0040000000000000036
113,pdz1,B3,sh33,PL0013,0,3,2.0,4.5425,0.0040000000000000036
114,pdz3,C3,sh31,PL0013,0,3,2.0,6.0665000000000004,0.016000000000000014
115,pdz3,D3,sh33,PL0013,0,3,2.0,4.799499999999999,0.01200000000000001
116,sh31,E3,pdz1,PL0013,0,3,2.0,11.296499999999998,0.03600000000000003
117,sh31,F3,pdz3,PL0013,0,3,2.0,7.0495,0.020000000000000018
118,sh33,G3,pdz1,PL0013,0,3,2.0,5.711,0.016000000000000014
119,sh33,H3,pdz3,PL0013,0,3,2.0,9.701,0.028000000000000025
120,pdz1,A4,sh31,PL0013,5,1,2.0,29.673000000000002,0.06800000000000006
121,pdz1,B4,sh33,PL0013,5,1,2.0,6.107499999999999,0.01200000000000001
122,pdz3,C4,sh31,PL0013,5,1,2.0,9.3745,0.03599999999999992
123,pdz3,D4,sh33,PL0013,5,1,2.0,5.198,0.01200000000000001
124,sh31,E4,pdz1,PL0013,5,1,2.0,45.097,0.07600000000000007
125,sh31,F4,pdz3,PL0013,5,1,2.0,10.6865,0.040000000000000036
126,sh33,G4,pdz1,PL0013,5,1,2.0,12.089999999999998,0.04400000000000004
127,sh33,H4,pdz3,PL0013,5,1,2.0,14.401000000000002,0.06400000000000006
128,pdz1,A5,sh31,PL0013,5,2,2.0,34.7755,0.06800000000000006
129,pdz1,B5,sh33,PL0013,5,2,2.0,5.5925,0.01200000000000001
130,pdz3,C5,sh31,PL0013,5,2,2.0,12.8705,0.052000000000000046
131,pdz3,D5,sh33,PL0013,5,2,2.0,7.2945,0.020000000000000018
132,sh31,E5,pdz1,PL0013,5,2,2.0,51.877500000000005,0.07600000000000007
133,sh31,F5,pdz3,PL0013,5,2,2.0,12.8225,0.043999999999999595
134,sh33,G5,pdz1,PL0013,5,2,2.0,10.818999999999999,0.03600000000000003
135,sh33,H5,pdz3,PL0013,5,2,2.0,14.168999999999999,0.04800000000000004
136,pdz1,A6,sh31,PL0013,5,3,2.0,27.07,0.06400000000000006
137,pdz1,B6,sh33,PL0013,5,3,2.0,4.5595,0.008000000000000007
138,pdz3,C6,sh31,PL0013,5,3,2.0,10.3865,0.03600000000000003
139,pdz3,D6,sh33,PL0013,5,3,2.0,4.879499999999999,0.008000000000000007
140,sh31,E6,pdz1,PL0013,5,3,2.0,54.17800000000001,0.08000000000000007
141,sh31,F6,pdz3,PL0013,5,3,2.0,10.783000000000001,0.03999999999999959
142,sh33,G6,pdz1,PL0013,5,3,2.0,7.122,0.020000000000000018
143,sh33,H6,pdz3,PL0013,5,3,2.0,13.844000000000001,0.05600000000000005
144,pdz1,A7,sh31,PL0013,10,1,2.0,41.571,0.07600000000000007
145,pdz1,B7,sh33,PL0013,10,1,2.0,7.242,0.016000000000000014
146,pdz3,C7,sh31,PL0013,10,1,2.0,12.421,0.04800000000000004
147,pdz3,D7,sh33,PL0013,10,1,2.0,5.97,0.01200000000000001
148,sh31,E7,pdz1,PL0013,10,1,2.0,61.852999999999994,0.09200000000000008
149,sh31,F7,pdz3,PL0013,10,1,2.0,14.6255,0.06000000000000005
150,sh33,G7,pdz1,PL0013,10,1,2.0,13.081,0.04400000000000004
151,sh33,H7,pdz3,PL0013,10,1,2.0,12.3235,0.04400000000000004
152,pdz1,A8,sh31,PL0013,10,2,2.0,47.649499999999996,0.08000000000000007
153,pdz1,B8,sh33,PL0013,10,2,2.0,6.587999999999999,0.015999999999999903
154,pdz3,C8,sh31,PL0013,10,2,2.0,14.74,0.05600000000000005
155,pdz3,D8,sh33,PL0013,10,2,2.0,5.635,0.01200000000000001
156,sh31,E8,pdz1,PL0013,10,2,2.0,63.2335,0.09200000000000008
157,sh31,F8,pdz3,PL0013,10,2,2.0,18.696000000000005,0.08000000000000007
158,sh33,G8,pdz1,PL0013,10,2,2.0,11.8395,0.04400000000000004
159,sh33,H8,pdz3,PL0013,10,2,2.0,10.86,0.03600000000000003
160,pdz1,A9,sh31,PL0013,10,3,2.0,27.765,0.06800000000000006
161,pdz1,B9,sh33,PL0013,10,3,2.0,6.7015,0.015999999999999903
162,pdz3,C9,sh31,PL0013,10,3,2.0,10.8705,0.03999999999999959
163,pdz3,D9,sh33,PL0013,10,3,2.0,4.447500000000001,0.008000000000000007
164,sh31,E9,pdz1,PL0013,10,3,2.0,62.059999999999995,0.09600000000000009
165,sh31,F9,pdz3,PL0013,10,3,2.0,15.9615,0.06400000000000006
166,sh33,G9,pdz1,PL0013,10,3,2.0,11.918,0.04400000000000004
167,sh33,H9,pdz3,PL0013,10,3,2.0,12.6425,0.04800000000000004
168,pdz1,A10,sh31,PL0013,20,1,2.0,46.818,0.08400000000000007
169,pdz1,B10,sh33,PL0013,20,1,2.0,7.1964999999999995,0.016000000000000014
170,pdz3,C10,sh31,PL0013,20,1,2.0,12.311,0.055999999999999606
171,pdz3,D10,sh33,PL0013,20,1,2.0,8.056000000000001,0.028000000000000025
172,sh31,E10,pdz1,PL0013,20,1,2.0,65.418,0.09600000000000009
173,sh31,F10,pdz3,PL0013,20,1,2.0,17.1945,0.07600000000000007
174,sh33,G10,pdz1,PL0013,20,1,2.0,14.826500000000001,0.06000000000000005
175,sh33,H10,pdz3,PL0013,20,1,2.0,17.086,0.09600000000000009
176,pdz1,A11,sh31,PL0013,20,2,2.0,53.60099999999999,0.09200000000000008
177,pdz1,B11,sh33,PL0013,20,2,2.0,8.873,0.027999999999999803
178,pdz3,C11,sh31,PL0013,20,2,2.0,14.4565,0.07999999999999963
179,pdz3,D11,sh33,PL0013,20,2,2.0,5.809,0.01599999999999996
180,sh31,E11,pdz1,PL0013,20,2,2.0,67.83500000000001,0.10000000000000009
181,sh31,F11,pdz3,PL0013,20,2,2.0,16.8435,0.07600000000000007
182,sh33,G11,pdz1,PL0013,20,2,2.0,11.536,0.04800000000000004
183,sh33,H11,pdz3,PL0013,20,2,2.0,12.665,0.052000000000000046
184,pdz1,A12,sh31,PL0013,20,3,2.0,36.524,0.07599999999999962
185,pdz1,B12,sh33,PL0013,20,3,2.0,7.711499999999999,0.016000000000000014
186,pdz3,C12,sh31,PL0013,20,3,2.0,15.495,0.07200000000000006
187,pdz3,D12,sh33,PL0013,20,3,2.0,5.8765,0.008000000000000007
188,sh31,E12,pdz1,PL0013,20,3,2.0,67.1285,0.09599999999999964
189,sh31,F12,pdz3,PL0013,20,3,2.0,17.0865,0.07199999999999962
190,sh33,G12,pdz1,PL0013,20,3,2.0,12.7265,0.04800000000000004
191,sh33,H12,pdz3,PL0013,20,3,2.0,13.476999999999999,0.052000000000000046
192,pdz1,A1,sh31,PL0014,0,1,3.0,6.192,0.0040000000000000036
193,pdz1,B1,sh33,PL0014,0,1,3.0,6.2829999999999995,0.008000000000000007
194,pdz3,C1,sh31,PL0014,0,1,3.0,7.997,0.016000000000000014
195,pdz3,D1,sh33,PL0014,0,1,3.0,8.468,0.020000000000000018
196,sh31,E1,pdz1,PL0014,0,1,3.0,7.340999999999999,0.016000000000000014
197,sh31,F1,pdz3,PL0014,0,1,3.0,10.5795,0.03200000000000003
198,sh33,G1,pdz1,PL0014,0,1,3.0,7.8664999999999985,0.016000000000000014
199,sh33,H1,pdz3,PL0014,0,1,3.0,9.9255,0.03199999999999992
200,pdz1,A2,sh31,PL0014,0,2,3.0,5.2695,0.0040000000000000036
201,pdz1,B2,sh33,PL0014,0,2,3.0,4.423999999999999,0.0040000000000000036
202,pdz3,C2,sh31,PL0014,0,2,3.0,6.5515,0.01200000000000001
203,pdz3,D2,sh33,PL0014,0,2,3.0,5.526499999999999,0.008000000000000007
204,sh31,E2,pdz1,PL0014,0,2,3.0,8.412999999999998,0.020000000000000018
205,sh31,F2,pdz3,PL0014,0,2,3.0,10.244000000000002,0.03199999999999992
206,sh33,G2,pdz1,PL0014,0,2,3.0,7.336499999999999,0.016000000000000014
207,sh33,H2,pdz3,PL0014,0,2,3.0,13.202,0.04800000000000004
208,pdz1,A3,sh31,PL0014,0,3,3.0,6.863500000000001,0.008000000000000007
209,pdz1,B3,sh33,PL0014,0,3,3.0,4.542,0.0040000000000000036
210,pdz3,C3,sh31,PL0014,0,3,3.0,7.916499999999999,0.020000000000000018
211,pdz3,D3,sh33,PL0014,0,3,3.0,8.1665,0.020000000000000018
212,sh31,E3,pdz1,PL0014,0,3,3.0,7.014500000000001,0.01200000000000001
213,sh31,F3,pdz3,PL0014,0,3,3.0,7.849500000000001,0.016000000000000014
214,sh33,G3,pdz1,PL0014,0,3,3.0,7.063000000000002,0.01200000000000001
215,sh33,H3,pdz3,PL0014,0,3,3.0,21.133000000000003,0.08000000000000007
216,pdz1,A4,sh31,PL0014,5,1,3.0,18.421999999999997,0.040000000000000036
217,pdz1,B4,sh33,PL0014,5,1,3.0,5.7855,0.019999999999999962
218,pdz3,C4,sh31,PL0014,5,1,3.0,10.097000000000001,0.02400000000000002
219,pdz3,D4,sh33,PL0014,5,1,3.0,9.8145,0.027999999999999803
220,sh31,E4,pdz1,PL0014,5,1,3.0,33.878,0.06000000000000005
221,sh31,F4,pdz3,PL0014,5,1,3.0,11.922499999999998,0.028000000000000025
222,sh33,G4,pdz1,PL0014,5,1,3.0,8.9805,0.020000000000000018
223,sh33,H4,pdz3,PL0014,5,1,3.0,13.482999999999999,0.0479999999999996
224,pdz1,A5,sh31,PL0014,5,2,3.0,14.751999999999999,0.02000000000000013
225,pdz1,B5,sh33,PL0014,5,2,3.0,5.124499999999999,0.0040000000000000036
226,pdz3,C5,sh31,PL0014,5,2,3.0,5.9285,0.008000000000000007
227,pdz3,D5,sh33,PL0014,5,2,3.0,6.953499999999998,0.01200000000000001
228,sh31,E5,pdz1,PL0014,5,2,3.0,32.2115,0.06000000000000005
229,sh31,F5,pdz3,PL0014,5,2,3.0,10.917499999999999,0.028000000000000025
230,sh33,G5,pdz1,PL0014,5,2,3.0,9.808499999999999,0.027999999999999692
231,sh33,H5,pdz3,PL0014,5,2,3.0,16.947,0.05600000000000005
232,pdz1,A6,sh31,PL0014,5,3,3.0,21.936,0.04399999999999982
233,pdz1,B6,sh33,PL0014,5,3,3.0,5.290499999999999,0.0040000000000000036
234,pdz3,C6,sh31,PL0014,5,3,3.0,9.437500000000002,0.02400000000000002
235,pdz3,D6,sh33,PL0014,5,3,3.0,8.911000000000001,0.02400000000000002
236,sh31,E6,pdz1,PL0014,5,3,3.0,32.919,0.05600000000000005
237,sh31,F6,pdz3,PL0014,5,3,3.0,12.478,0.040000000000000036
238,sh33,G6,pdz1,PL0014,5,3,3.0,10.655000000000001,0.02400000000000002
239,sh33,H6,pdz3,PL0014,5,3,3.0,21.078,0.06799999999999962
240,pdz1,A7,sh31,PL0014,10,1,3.0,41.4165,0.07200000000000006
241,pdz1,B7,sh33,PL0014,10,1,3.0,7.0409999999999995,0.01200000000000001
242,pdz3,C7,sh31,PL0014,10,1,3.0,10.639999999999999,0.028000000000000025
243,pdz3,D7,sh33,PL0014,10,1,3.0,8.648500000000002,0.020000000000000018
244,sh31,E7,pdz1,PL0014,10,1,3.0,56.131499999999996,0.08400000000000007
245,sh31,F7,pdz3,PL0014,10,1,3.0,17.128,0.06000000000000005
246,sh33,G7,pdz1,PL0014,10,1,3.0,10.319500000000001,0.028000000000000025
247,sh33,H7,pdz3,PL0014,10,1,3.0,15.683499999999999,0.052000000000000046
248,pdz1,A8,sh31,PL0014,10,2,3.0,39.8675,0.07200000000000006
249,pdz1,B8,sh33,PL0014,10,2,3.0,5.764500000000001,0.008000000000000007
250,pdz3,C8,sh31,PL0014,10,2,3.0,6.978999999999999,0.01200000000000001
251,pdz3,D8,sh33,PL0014,10,2,3.0,6.717,0.016000000000000014
252,sh31,E8,pdz1,PL0014,10,2,3.0,60.699999999999996,0.09200000000000008
253,sh31,F8,pdz3,PL0014,10,2,3.0,16.980500000000003,0.055999999999999606
254,sh33,G8,pdz1,PL0014,10,2,3.0,13.812,0.04800000000000004
255,sh33,H8,pdz3,PL0014,10,2,3.0,19.193999999999996,0.06400000000000006
256,pdz1,A9,sh31,PL0014,10,3,3.0,47.791999999999994,0.07600000000000007
257,pdz1,B9,sh33,PL0014,10,3,3.0,6.413500000000001,0.008000000000000007
258,pdz3,C9,sh31,PL0014,10,3,3.0,9.6385,0.028000000000000025
259,pdz3,D9,sh33,PL0014,10,3,3.0,5.962999999999999,0.008000000000000007
260,sh31,E9,pdz1,PL0014,10,3,3.0,57.26399999999999,0.08799999999999963
261,sh31,F9,pdz3,PL0014,10,3,3.0,14.825,0.04800000000000004
262,sh33,G9,pdz1,PL0014,10,3,3.0,14.2335,0.04800000000000004
263,sh33,H9,pdz3,PL0014,10,3,3.0,18.5875,0.05600000000000005
264,pdz1,A10,sh31,PL0014,20,1,3.0,32.6635,0.06800000000000006
265,pdz1,B10,sh33,PL0014,20,1,3.0,5.3195,0.008000000000000007
266,pdz3,C10,sh31,PL0014,20,1,3.0,9.378,0.02400000000000002
267,pdz3,D10,sh33,PL0014,20,1,3.0,8.2495,0.02400000000000002
268,sh31,E10,pdz1,PL0014,20,1,3.0,43.43050000000001,0.07200000000000006
269,sh31,F10,pdz3,PL0014,20,1,3.0,13.724499999999999,0.04800000000000004
270,sh33,G10,pdz1,PL0014,20,1,3.0,6.786499999999999,0.01200000000000001
271,sh33,H10,pdz3,PL0014,20,1,3.0,10.2945,0.03200000000000003
272,pdz1,A11,sh31,PL0014,20,2,3.0,24.090000000000003,0.052000000000000046
273,pdz1,B11,sh33,PL0014,20,2,3.0,4.884499999999999,0.0040000000000000036
274,pdz3,C11,sh31,PL0014,20,2,3.0,8.015,0.020000000000000018
275,pdz3,D11,sh33,PL0014,20,2,3.0,7.453,0.028000000000000025
276,sh31,E11,pdz1,PL0014,20,2,3.0,48.818,0.07999999999999963
277,sh31,F11,pdz3,PL0014,20,2,3.0,13.384999999999998,0.040000000000000036
278,sh33,G11,pdz1,PL0014,20,2,3.0,11.984,0.03600000000000003
279,sh33,H11,pdz3,PL0014,20,2,3.0,16.8155,0.05600000000000005
280,pdz1,A12,sh31,PL0014,20,3,3.0,34.3305,0.06400000000000006
281,pdz1,B12,sh33,PL0014,20,3,3.0,7.224999999999998,0.008000000000000007
282,pdz3,C12,sh31,PL0014,20,3,3.0,10.0575,0.02400000000000002
283,pdz3,D12,sh33,PL0014,20,3,3.0,8.802,0.019999999999999796
284,sh31,E12,pdz1,PL0014,20,3,3.0,50.042,0.07600000000000007
285,sh31,F12,pdz3,PL0014,20,3,3.0,13.0745,0.03600000000000003
286,sh33,G12,pdz1,PL0014,20,3,3.0,10.329,0.02400000000000002
287,sh33,H12,pdz3,PL0014,20,3,3.0,18.116500000000002,0.06400000000000006
288,pdz1,A1,sh31,PL0015,0,1,4.0,5.586999999999999,0.0040000000000000036
289,pdz1,B1,sh33,PL0015,0,1,4.0,4.736500000000001,0.0040000000000000036
290,pdz3,C1,sh31,PL0015,0,1,4.0,5.575999999999999,0.008000000000000007
291,pdz3,D1,sh33,PL0015,0,1,4.0,6.462999999999999,0.008000000000000007
292,sh31,E1,pdz1,PL0015,0,1,4.0,5.753499999999999,0.008000000000000007
293,sh31,F1,pdz3,PL0015,0,1,4.0,6.6819999999999995,0.01200000000000001
294,sh33,G1,pdz1,PL0015,0,1,4.0,8.0105,0.019999999999999796
295,sh33,H1,pdz3,PL0015,0,1,4.0,9.141,0.020000000000000018
296,pdz1,A2,sh31,PL0015,0,2,4.0,7.420999999999999,0.008000000000000007
297,pdz1,B2,sh33,PL0015,0,2,4.0,4.343999999999999,0.0040000000000000036
298,pdz3,C2,sh31,PL0015,0,2,4.0,6.5634999999999994,0.01200000000000001
299,pdz3,D2,sh33,PL0015,0,2,4.0,6.178499999999999,0.008000000000000007
300,sh31,E2,pdz1,PL0015,0,2,4.0,5.91,0.008000000000000007
301,sh31,F2,pdz3,PL0015,0,2,4.0,7.568500000000001,0.01200000000000001
302,sh33,G2,pdz1,PL0015,0,2,4.0,6.1175,0.008000000000000007
303,sh33,H2,pdz3,PL0015,0,2,4.0,10.9165,0.02400000000000002
304,pdz1,A3,sh31,PL0015,0,3,4.0,6.2780000000000005,0.0040000000000000036
305,pdz1,B3,sh33,PL0015,0,3,4.0,4.503,0.0040000000000000036
306,pdz3,C3,sh31,PL0015,0,3,4.0,7.4655,0.01200000000000001
307,pdz3,D3,sh33,PL0015,0,3,4.0,6.206999999999999,0.008000000000000007
308,sh31,E3,pdz1,PL0015,0,3,4.0,5.2065,0.008000000000000007
309,sh31,F3,pdz3,PL0015,0,3,4.0,6.837,0.01200000000000001
310,sh33,G3,pdz1,PL0015,0,3,4.0,6.489000000000002,0.008000000000000007
311,sh33,H3,pdz3,PL0015,0,3,4.0,8.661,0.020000000000000018
312,pdz1,A4,sh31,PL0015,5,1,4.0,12.396999999999998,0.020000000000000018
313,pdz1,B4,sh33,PL0015,5,1,4.0,4.974499999999999,0.0040000000000000036
314,pdz3,C4,sh31,PL0015,5,1,4.0,5.339,0.008000000000000007
315,pdz3,D4,sh33,PL0015,5,1,4.0,6.2265,0.008000000000000007
316,sh31,E4,pdz1,PL0015,5,1,4.0,19.4345,0.052000000000000046
317,sh31,F4,pdz3,PL0015,5,1,4.0,5.849500000000001,0.01200000000000001
318,sh33,G4,pdz1,PL0015,5,1,4.0,5.5969999999999995,0.008000000000000007
319,sh33,H4,pdz3,PL0015,5,1,4.0,8.9495,0.02400000000000002
320,pdz1,A5,sh31,PL0015,5,2,4.0,11.863,0.020000000000000018
321,pdz1,B5,sh33,PL0015,5,2,4.0,5.718999999999999,0.0040000000000000036
322,pdz3,C5,sh31,PL0015,5,2,4.0,8.361999999999998,0.020000000000000018
323,pdz3,D5,sh33,PL0015,5,2,4.0,6.497999999999999,0.008000000000000007
324,sh31,E5,pdz1,PL0015,5,2,4.0,21.276500000000002,0.06000000000000005
325,sh31,F5,pdz3,PL0015,5,2,4.0,10.454000000000002,0.02400000000000002
326,sh33,G5,pdz1,PL0015,5,2,4.0,6.709999999999999,0.008000000000000007
327,sh33,H5,pdz3,PL0015,5,2,4.0,13.458499999999999,0.040000000000000036
328,pdz1,A6,sh31,PL0015,5,3,4.0,11.0815,0.016000000000000014
329,pdz1,B6,sh33,PL0015,5,3,4.0,5.397499999999999,0.0040000000000000036
330,pdz3,C6,sh31,PL0015,5,3,4.0,8.6695,0.019999999999999796
331,pdz3,D6,sh33,PL0015,5,3,4.0,8.55,0.016000000000000014
332,sh31,E6,pdz1,PL0015,5,3,4.0,18.972500000000004,0.04800000000000004
333,sh31,F6,pdz3,PL0015,5,3,4.0,8.782499999999999,0.016000000000000014
334,sh33,G6,pdz1,PL0015,5,3,4.0,6.502500000000001,0.008000000000000007
335,sh33,H6,pdz3,PL0015,5,3,4.0,10.035499999999999,0.02400000000000002
336,pdz1,A7,sh31,PL0015,10,1,4.0,24.216,0.06400000000000006
337,pdz1,B7,sh33,PL0015,10,1,4.0,4.5809999999999995,0.0040000000000000036
338,pdz3,C7,sh31,PL0015,10,1,4.0,7.795499999999999,0.020000000000000018
339,pdz3,D7,sh33,PL0015,10,1,4.0,7.883999999999999,0.020000000000000018
340,sh31,E7,pdz1,PL0015,10,1,4.0,40.625,0.07600000000000007
341,sh31,F7,pdz3,PL0015,10,1,4.0,9.937,0.03200000000000003
342,sh33,G7,pdz1,PL0015,10,1,4.0,5.9815,0.01200000000000001
343,sh33,H7,pdz3,PL0015,10,1,4.0,8.3455,0.020000000000000018
344,pdz1,A8,sh31,PL0015,10,2,4.0,29.0675,0.07200000000000006
345,pdz1,B8,sh33,PL0015,10,2,4.0,4.2909999999999995,0.0040000000000000036
346,pdz3,C8,sh31,PL0015,10,2,4.0,8.325499999999998,0.02400000000000002
347,pdz3,D8,sh33,PL0015,10,2,4.0,6.355999999999999,0.01200000000000001
348,sh31,E8,pdz1,PL0015,10,2,4.0,45.0455,0.08400000000000007
349,sh31,F8,pdz3,PL0015,10,2,4.0,10.981,0.03200000000000003
350,sh33,G8,pdz1,PL0015,10,2,4.0,6.9254999999999995,0.01200000000000001
351,sh33,H8,pdz3,PL0015,10,2,4.0,10.432500000000001,0.03600000000000003
352,pdz1,A9,sh31,PL0015,10,3,4.0,21.211499999999997,0.05999999999999961
353,pdz1,B9,sh33,PL0015,10,3,4.0,5.9594999999999985,0.008000000000000007
354,pdz3,C9,sh31,PL0015,10,3,4.0,8.387,0.020000000000000018
355,pdz3,D9,sh33,PL0015,10,3,4.0,6.0809999999999995,0.008000000000000007
356,sh31,E9,pdz1,PL0015,10,3,4.0,39.912499999999994,0.08000000000000007
357,sh31,F9,pdz3,PL0015,10,3,4.0,10.683499999999999,0.03200000000000003
358,sh33,G9,pdz1,PL0015,10,3,4.0,6.6685,0.01200000000000001
359,sh33,H9,pdz3,PL0015,10,3,4.0,9.305499999999999,0.028000000000000025
360,pdz1,A10,sh31,PL0015,20,1,4.0,16.711499999999997,0.04800000000000004
361,pdz1,B10,sh33,PL0015,20,1,4.0,4.436999999999999,0.0040000000000000036
362,pdz3,C10,sh31,PL0015,20,1,4.0,6.396999999999999,0.01200000000000001
363,pdz3,D10,sh33,PL0015,20,1,4.0,7.1495,0.01200000000000001
364,sh31,E10,pdz1,PL0015,20,1,4.0,35.4945,0.07600000000000007
365,sh31,F10,pdz3,PL0015,20,1,4.0,7.627000000000001,0.020000000000000018
366,sh33,G10,pdz1,PL0015,20,1,4.0,7.536999999999999,0.020000000000000018
367,sh33,H10,pdz3,PL0015,20,1,4.0,8.4825,0.020000000000000018
368,pdz1,A11,sh31,PL0015,20,2,4.0,19.567,0.052000000000000046
369,pdz1,B11,sh33,PL0015,20,2,4.0,5.0805,0.008000000000000007
370,pdz3,C11,sh31,PL0015,20,2,4.0,7.498,0.016000000000000014
371,pdz3,D11,sh33,PL0015,20,2,4.0,6.845,0.008000000000000007
372,sh31,E11,pdz1,PL0015,20,2,4.0,30.392,0.06800000000000006
373,sh31,F11,pdz3,PL0015,20,2,4.0,9.350999999999999,0.020000000000000018
374,sh33,G11,pdz1,PL0015,20,2,4.0,6.7414999999999985,0.008000000000000007
375,sh33,H11,pdz3,PL0015,20,2,4.0,11.783499999999998,0.03200000000000003
376,pdz1,A12,sh31,PL0015,20,3,4.0,16.801000000000002,0.040000000000000036
377,pdz1,B12,sh33,PL0015,20,3,4.0,6.3469999999999995,0.0040000000000000036
378,pdz3,C12,sh31,PL0015,20,3,4.0,10.041,0.020000000000000018
379,pdz3,D12,sh33,PL0015,20,3,4.0,7.429999999999999,0.008000000000000007
380,sh31,E12,pdz1,PL0015,20,3,4.0,31.477999999999998,0.06800000000000006
381,sh31,F12,pdz3,PL0015,20,3,4.0,11.050499999999998,0.02400000000000002
382,sh33,G12,pdz1,PL0015,20,3,4.0,8.715500000000002,0.01200000000000001
383,sh33,H12,pdz3,PL0015,20,3,4.0,9.2205,0.02400000000000002
384,pdz1,B1,sh33,PL0016,0,1,5.0,4.9215,0.0040000000000000036
385,pdz3,C1,sh31,PL0016,0,1,5.0,7.659999999999999,0.01200000000000001
386,pdz3,D1,sh33,PL0016,0,1,5.0,5.5335,0.008000000000000007
387,sh31,E1,pdz1,PL0016,0,1,5.0,8.8575,0.020000000000000018
388,sh31,F1,pdz3,PL0016,0,1,5.0,10.4315,0.03200000000000003
389,sh33,G1,pdz1,PL0016,0,1,5.0,5.807500000000001,0.01200000000000001
390,sh33,H1,pdz3,PL0016,0,1,5.0,9.392,0.02400000000000002
391,pdz1,A2,sh31,PL0016,0,2,5.0,5.627000000000001,0.008000000000000007
392,pdz1,B2,sh33,PL0016,0,2,5.0,4.1665,0.0040000000000000036
393,pdz3,C2,sh31,PL0016,0,2,5.0,5.936,0.016000000000000014
394,pdz3,D2,sh33,PL0016,0,2,5.0,5.678,0.016000000000000014
395,sh31,E2,pdz1,PL0016,0,2,5.0,6.017000000000001,0.01200000000000001
396,sh31,F2,pdz3,PL0016,0,2,5.0,5.3015,0.016000000000000014
397,sh33,G2,pdz1,PL0016,0,2,5.0,3.7975000000000008,0.008000000000000007
398,sh33,H2,pdz3,PL0016,0,2,5.0,9.605999999999998,0.02400000000000002
399,pdz1,A3,sh31,PL0016,0,3,5.0,5.745,0.008000000000000007
400,pdz1,B3,sh33,PL0016,0,3,5.0,3.3645000000000005,0.0040000000000000036
401,pdz3,C3,sh31,PL0016,0,3,5.0,4.229,0.008000000000000007
402,pdz3,D3,sh33,PL0016,0,3,5.0,3.077000000000001,0.0040000000000000036
403,sh31,E3,pdz1,PL0016,0,3,5.0,6.102,0.01200000000000001
404,sh31,F3,pdz3,PL0016,0,3,5.0,4.752500000000001,0.01200000000000001
405,sh33,G3,pdz1,PL0016,0,3,5.0,4.7375,0.008000000000000007
406,sh33,H3,pdz3,PL0016,0,3,5.0,5.631500000000001,0.01200000000000001
407,pdz1,A4,sh31,PL0016,5,1,5.0,12.9765,0.03200000000000003
408,pdz1,B4,sh33,PL0016,5,1,5.0,4.742,0.0040000000000000036
409,pdz3,C4,sh31,PL0016,5,1,5.0,5.7245,0.008000000000000007
410,pdz3,D4,sh33,PL0016,5,1,5.0,5.856,0.01200000000000001
411,sh31,E4,pdz1,PL0016,5,1,5.0,29.0375,0.06000000000000005
412,sh31,F4,pdz3,PL0016,5,1,5.0,12.115999999999998,0.040000000000000036
413,sh33,G4,pdz1,PL0016,5,1,5.0,6.846999999999999,0.016000000000000014
414,sh33,H4,pdz3,PL0016,5,1,5.0,9.118500000000001,0.03200000000000003
415,pdz1,A5,sh31,PL0016,5,2,5.0,16.1605,0.040000000000000036
416,pdz1,B5,sh33,PL0016,5,2,5.0,4.123,0.0040000000000000036
417,pdz3,C5,sh31,PL0016,5,2,5.0,7.9245,0.016000000000000014
418,pdz3,D5,sh33,PL0016,5,2,5.0,4.882,0.0040000000000000036
419,sh31,E5,pdz1,PL0016,5,2,5.0,25.041,0.05600000000000005
420,sh31,F5,pdz3,PL0016,5,2,5.0,6.1855,0.015999999999999903
421,sh33,G5,pdz1,PL0016,5,2,5.0,6.271000000000001,0.020000000000000018
422,sh33,H5,pdz3,PL0016,5,2,5.0,8.738999999999999,0.020000000000000018
423,pdz1,A6,sh31,PL0016,5,3,5.0,11.9815,0.028000000000000025
424,pdz1,B6,sh33,PL0016,5,3,5.0,3.157000000000001,0.0040000000000000036
425,pdz3,C6,sh31,PL0016,5,3,5.0,5.189500000000001,0.008000000000000007
426,pdz3,D6,sh33,PL0016,5,3,5.0,4.2415,0.0040000000000000036
427,sh31,E6,pdz1,PL0016,5,3,5.0,22.357999999999997,0.06399999999999961
428,sh31,F6,pdz3,PL0016,5,3,5.0,5.721000000000001,0.016000000000000014
429,sh33,G6,pdz1,PL0016,5,3,5.0,4.761000000000001,0.008000000000000007
430,sh33,H6,pdz3,PL0016,5,3,5.0,6.3255,0.016000000000000014
431,pdz1,A7,sh31,PL0016,10,1,5.0,24.240000000000002,0.06800000000000006
432,pdz1,B7,sh33,PL0016,10,1,5.0,4.946999999999999,0.0040000000000000036
433,pdz3,C7,sh31,PL0016,10,1,5.0,7.801500000000001,0.02400000000000002
434,pdz3,D7,sh33,PL0016,10,1,5.0,4.8255,0.008000000000000007
435,sh31,E7,pdz1,PL0016,10,1,5.0,39.67,0.07200000000000006
436,sh31,F7,pdz3,PL0016,10,1,5.0,13.490499999999999,0.04800000000000004
437,sh33,G7,pdz1,PL0016,10,1,5.0,6.1525,0.01200000000000001
438,sh33,H7,pdz3,PL0016,10,1,5.0,9.6235,0.028000000000000025
439,pdz1,A8,sh31,PL0016,10,2,5.0,24.172,0.06400000000000006
440,pdz1,B8,sh33,PL0016,10,2,5.0,4.451,0.0040000000000000036
441,pdz3,C8,sh31,PL0016,10,2,5.0,8.2,0.02400000000000002
442,pdz3,D8,sh33,PL0016,10,2,5.0,5.7250000000000005,0.01200000000000001
443,sh31,E8,pdz1,PL0016,10,2,5.0,41.428,0.08000000000000007
444,sh31,F8,pdz3,PL0016,10,2,5.0,12.2585,0.040000000000000036
445,sh33,G8,pdz1,PL0016,10,2,5.0,5.69,0.01200000000000001
446,sh33,H8,pdz3,PL0016,10,2,5.0,7.69,0.020000000000000018
447,pdz1,A9,sh31,PL0016,10,3,5.0,20.261499999999998,0.06000000000000005
448,pdz1,B9,sh33,PL0016,10,3,5.0,4.507,0.0040000000000000036
449,pdz3,C9,sh31,PL0016,10,3,5.0,6.4595,0.015999999999999903
450,pdz3,D9,sh33,PL0016,10,3,5.0,4.1275,0.0040000000000000036
451,sh31,E9,pdz1,PL0016,10,3,5.0,33.8685,0.07600000000000007
452,sh31,F9,pdz3,PL0016,10,3,5.0,6.825000000000001,0.020000000000000018
453,sh33,G9,pdz1,PL0016,10,3,5.0,7.791,0.02400000000000002
454,sh33,H9,pdz3,PL0016,10,3,5.0,7.815999999999999,0.016000000000000014
455,pdz1,A10,sh31,PL0016,20,1,5.0,32.055,0.07600000000000007
456,pdz1,B10,sh33,PL0016,20,1,5.0,5.3715,0.008000000000000007
457,pdz3,C10,sh31,PL0016,20,1,5.0,7.878499999999999,0.02400000000000002
458,pdz3,D10,sh33,PL0016,20,1,5.0,4.23,0.008000000000000007
459,sh31,E10,pdz1,PL0016,20,1,5.0,47.55499999999999,0.08799999999999963
460,sh31,F10,pdz3,PL0016,20,1,5.0,17.5435,0.06800000000000006
461,sh33,G10,pdz1,PL0016,20,1,5.0,7.515499999999999,0.020000000000000018
462,sh33,H10,pdz3,PL0016,20,1,5.0,9.181000000000001,0.028000000000000025
463,pdz1,A11,sh31,PL0016,20,2,5.0,36.371500000000005,0.07200000000000006
464,pdz1,B11,sh33,PL0016,20,2,5.0,5.653,0.008000000000000007
465,pdz3,C11,sh31,PL0016,20,2,5.0,8.157499999999999,0.020000000000000018
466,pdz3,D11,sh33,PL0016,20,2,5.0,7.350499999999999,0.016000000000000014
467,sh31,E11,pdz1,PL0016,20,2,5.0,50.4565,0.08400000000000007
468,sh31,F11,pdz3,PL0016,20,2,5.0,16.4765,0.07600000000000007
469,sh33,G11,pdz1,PL0016,20,2,5.0,9.586500000000001,0.028000000000000025
470,sh33,H11,pdz3,PL0016,20,2,5.0,9.402,0.02400000000000002
471,pdz1,A12,sh31,PL0016,20,3,5.0,27.726000000000003,0.07200000000000006
472,pdz1,B12,sh33,PL0016,20,3,5.0,4.969,0.0040000000000000036
473,pdz3,C12,sh31,PL0016,20,3,5.0,8.6555,0.028000000000000025
474,pdz3,D12,sh33,PL0016,20,3,5.0,4.856,0.008000000000000007
475,sh31,E12,pdz1,PL0016,20,3,5.0,44.74749999999999,0.08800000000000008
476,sh31,F12,pdz3,PL0016,20,3,5.0,8.9945,0.028000000000000136
477,sh33,G12,pdz1,PL0016,20,3,5.0,6.631,0.01200000000000001
478,sh33,H12,pdz3,PL0016,20,3,5.0,6.8335,0.016000000000000014
479,pdz1,A1,sh31,PL0001,0,1,6.0,5.1114999999999995,0.0040000000000000036
480,pdz1,B1,sh33,PL0001,0,1,6.0,4.582,0.0040000000000000036
481,pdz3,C1,sh31,PL0001,0,1,6.0,4.979000000000001,0.0040000000000000036
482,pdz3,D1,sh33,PL0001,0,1,6.0,7.255000000000001,0.01200000000000001
483,sh31,E1,pdz1,PL0001,0,1,6.0,5.2715,0.01200000000000001
484,sh31,F1,pdz3,PL0001,0,1,6.0,7.427499999999999,0.01200000000000001
485,sh33,G1,pdz1,PL0001,0,1,6.0,6.215,0.008000000000000007
486,sh33,H1,pdz3,PL0001,0,1,6.0,9.430499999999999,0.02400000000000002
487,pdz1,A2,sh31,PL0001,0,2,6.0,4.862,0.0040000000000000036
488,pdz1,B2,sh33,PL0001,0,2,6.0,3.9395,0.0040000000000000036
489,pdz3,C2,sh31,PL0001,0,2,6.0,5.7645,0.008000000000000007
490,pdz3,D2,sh33,PL0001,0,2,6.0,5.6435,0.008000000000000007
491,sh31,E2,pdz1,PL0001,0,2,6.0,5.9784999999999995,0.01200000000000001
492,sh31,F2,pdz3,PL0001,0,2,6.0,6.2325,0.016000000000000014
493,sh33,G2,pdz1,PL0001,0,2,6.0,6.345000000000001,0.01200000000000001
494,sh33,H2,pdz3,PL0001,0,2,6.0,9.059,0.028000000000000025
495,pdz1,A3,sh31,PL0001,0,3,6.0,4.285,0.0040000000000000036
496,pdz1,B3,sh33,PL0001,0,3,6.0,3.9155,0.0040000000000000036
497,pdz3,C3,sh31,PL0001,0,3,6.0,5.5535,0.01200000000000001
498,pdz3,D3,sh33,PL0001,0,3,6.0,5.1545,0.01200000000000001
499,sh31,E3,pdz1,PL0001,0,3,6.0,5.075000000000001,0.01200000000000001
500,sh31,F3,pdz3,PL0001,0,3,6.0,5.996,0.016000000000000014
501,sh33,G3,pdz1,PL0001,0,3,6.0,4.695499999999999,0.0040000000000000036
502,sh33,H3,pdz3,PL0001,0,3,6.0,8.8865,0.016000000000000014
503,pdz1,A4,sh31,PL0001,5,1,6.0,4.869999999999999,0.0040000000000000036
504,pdz1,B4,sh33,PL0001,5,1,6.0,3.5895,0.0040000000000000036
505,pdz3,C4,sh31,PL0001,5,1,6.0,3.7430000000000003,0.0040000000000000036
506,pdz3,D4,sh33,PL0001,5,1,6.0,5.465,0.01200000000000001
507,sh31,E4,pdz1,PL0001,5,1,6.0,6.147,0.020000000000000018
508,sh31,F4,pdz3,PL0001,5,1,6.0,6.078499999999999,0.008000000000000007
509,sh33,G4,pdz1,PL0001,5,1,6.0,6.571999999999999,0.01200000000000001
510,sh33,H4,pdz3,PL0001,5,1,6.0,11.76,0.03599999999999959
511,pdz1,A5,sh31,PL0001,5,2,6.0,3.8075,0.0040000000000000036
512,pdz1,B5,sh33,PL0001,5,2,6.0,3.0465,0.0040000000000000036
513,pdz3,C5,sh31,PL0001,5,2,6.0,4.354500000000001,0.008000000000000007
514,pdz3,D5,sh33,PL0001,5,2,6.0,4.534,0.008000000000000007
515,sh31,E5,pdz1,PL0001,5,2,6.0,4.868,0.01200000000000001
516,sh31,F5,pdz3,PL0001,5,2,6.0,5.292,0.01200000000000001
517,sh33,G5,pdz1,PL0001,5,2,6.0,6.025,0.015999999999999903
518,sh33,H5,pdz3,PL0001,5,2,6.0,8.3925,0.020000000000000018
519,pdz1,A6,sh31,PL0001,5,3,6.0,4.396,0.0040000000000000036
520,pdz1,B6,sh33,PL0001,5,3,6.0,3.4560000000000004,0.0040000000000000036
521,pdz3,C6,sh31,PL0001,5,3,6.0,5.1045,0.008000000000000007
522,pdz3,D6,sh33,PL0001,5,3,6.0,4.848,0.008000000000000007
523,sh31,E6,pdz1,PL0001,5,3,6.0,5.503500000000001,0.008000000000000007
524,sh31,F6,pdz3,PL0001,5,3,6.0,5.1419999999999995,0.01200000000000001
525,sh33,G6,pdz1,PL0001,5,3,6.0,6.633500000000001,0.016000000000000014
526,sh33,H6,pdz3,PL0001,5,3,6.0,7.8515,0.016000000000000014
527,pdz1,A7,sh31,PL0001,10,1,6.0,4.124499999999999,0.0040000000000000036
528,pdz1,B7,sh33,PL0001,10,1,6.0,3.1660000000000004,0.0040000000000000036
529,pdz3,C7,sh31,PL0001,10,1,6.0,3.6865,0.0040000000000000036
530,pdz3,D7,sh33,PL0001,10,1,6.0,4.571,0.008000000000000007
531,sh31,E7,pdz1,PL0001,10,1,6.0,4.5085,0.01200000000000001
532,sh31,F7,pdz3,PL0001,10,1,6.0,5.6905,0.01200000000000001
533,sh33,G7,pdz1,PL0001,10,1,6.0,4.964,0.008000000000000007
534,sh33,H7,pdz3,PL0001,10,1,6.0,9.5145,0.03200000000000003
535,pdz1,A8,sh31,PL0001,10,2,6.0,3.6330000000000005,0.0040000000000000036
536,pdz1,B8,sh33,PL0001,10,2,6.0,3.1195000000000004,0.0040000000000000036
537,pdz3,C8,sh31,PL0001,10,2,6.0,5.546499999999999,0.016000000000000014
538,pdz3,D8,sh33,PL0001,10,2,6.0,4.561,0.01200000000000001
539,sh31,E8,pdz1,PL0001,10,2,6.0,4.7315000000000005,0.008000000000000007
540,sh31,F8,pdz3,PL0001,10,2,6.0,6.031,0.016000000000000014
541,sh33,G8,pdz1,PL0001,10,2,6.0,4.563000000000001,0.008000000000000007
542,sh33,H8,pdz3,PL0001,10,2,6.0,9.952499999999999,0.03200000000000003
543,pdz1,A9,sh31,PL0001,10,3,6.0,3.942,0.0040000000000000036
544,pdz1,B9,sh33,PL0001,10,3,6.0,3.3165,0.0040000000000000036
545,pdz3,C9,sh31,PL0001,10,3,6.0,4.6175,0.008000000000000007
546,pdz3,D9,sh33,PL0001,10,3,6.0,5.332000000000001,0.016000000000000014
547,sh31,E9,pdz1,PL0001,10,3,6.0,5.318499999999999,0.01200000000000001
548,sh31,F9,pdz3,PL0001,10,3,6.0,4.7135,0.01200000000000001
549,sh33,G9,pdz1,PL0001,10,3,6.0,6.9505,0.02400000000000002
550,sh33,H9,pdz3,PL0001,10,3,6.0,9.2425,0.02400000000000002
551,pdz1,A10,sh31,PL0001,20,1,6.0,4.1215,0.0040000000000000036
552,pdz1,B10,sh33,PL0001,20,1,6.0,3.2150000000000003,0.0040000000000000036
553,pdz3,C10,sh31,PL0001,20,1,6.0,3.4095000000000004,0.0040000000000000036
554,pdz3,D10,sh33,PL0001,20,1,6.0,5.865499999999999,0.020000000000000018
555,sh31,E10,pdz1,PL0001,20,1,6.0,4.906000000000001,0.016000000000000014
556,sh31,F10,pdz3,PL0001,20,1,6.0,5.001,0.008000000000000007
557,sh33,G10,pdz1,PL0001,20,1,6.0,4.441,0.0040000000000000036
558,sh33,H10,pdz3,PL0001,20,1,6.0,9.745999999999999,0.03600000000000003
559,pdz1,A11,sh31,PL0001,20,2,6.0,3.8000000000000003,0.0040000000000000036
560,pdz1,B11,sh33,PL0001,20,2,6.0,3.3615000000000004,0.0040000000000000036
561,pdz3,C11,sh31,PL0001,20,2,6.0,5.228,0.016000000000000014
562,pdz3,D11,sh33,PL0001,20,2,6.0,4.914500000000001,0.016000000000000014
563,sh31,E11,pdz1,PL0001,20,2,6.0,3.595,0.0040000000000000036
564,sh31,F11,pdz3,PL0001,20,2,6.0,5.9254999999999995,0.01200000000000001
565,sh33,G11,pdz1,PL0001,20,2,6.0,5.195,0.008000000000000007
566,sh33,H11,pdz3,PL0001,20,2,6.0,7.5525,0.020000000000000018
567,pdz1,A12,sh31,PL0001,20,3,6.0,3.715500000000001,0.0040000000000000036
568,pdz1,B12,sh33,PL0001,20,3,6.0,3.7915,0.0040000000000000036
569,pdz3,C12,sh31,PL0001,20,3,6.0,5.309500000000001,0.008000000000000007
570,pdz3,D12,sh33,PL0001,20,3,6.0,4.28,0.008000000000000007
571,sh31,E12,pdz1,PL0001,20,3,6.0,5.1775,0.008000000000000007
572,sh31,F12,pdz3,PL0001,20,3,6.0,6.1095,0.016000000000000014
573,sh33,G12,pdz1,PL0001,20,3,6.0,5.0325,0.008000000000000007
574,sh33,H12,pdz3,PL0001,20,3,6.0,7.484,0.016000000000000014
575,pdz1,A1,sh31,BY4741,0,1,7.0,7.044500000000001,0.008000000000000007
576,pdz1,B1,sh33,BY4741,0,1,7.0,5.968499999999999,0.0040000000000000036
577,pdz3,C1,sh31,BY4741,0,1,7.0,7.398999999999999,0.01200000000000001
578,pdz3,D1,sh33,BY4741,0,1,7.0,9.035,0.020000000000000018
579,sh31,E1,pdz1,BY4741,0,1,7.0,9.325999999999999,0.020000000000000018
580,sh31,F1,pdz3,BY4741,0,1,7.0,9.878500000000003,0.02400000000000002
581,sh33,G1,pdz1,BY4741,0,1,7.0,9.859499999999999,0.020000000000000018
582,sh33,H1,pdz3,BY4741,0,1,7.0,15.321000000000002,0.052000000000000046
583,pdz1,A2,sh31,BY4741,0,2,7.0,5.047499999999999,0.0040000000000000036
584,pdz1,B2,sh33,BY4741,0,2,7.0,4.656499999999999,0.008000000000000007
585,pdz3,C2,sh31,BY4741,0,2,7.0,7.328999999999999,0.016000000000000014
586,pdz3,D2,sh33,BY4741,0,2,7.0,5.625499999999999,0.008000000000000007
587,sh31,E2,pdz1,BY4741,0,2,7.0,7.6835,0.020000000000000018
588,sh31,F2,pdz3,BY4741,0,2,7.0,8.0975,0.016000000000000014
589,sh33,G2,pdz1,BY4741,0,2,7.0,8.465499999999999,0.020000000000000018
590,sh33,H2,pdz3,BY4741,0,2,7.0,14.410499999999999,0.05600000000000005
591,pdz1,A3,sh31,BY4741,0,3,7.0,6.5969999999999995,0.007999999999999952
592,pdz1,B3,sh33,BY4741,0,3,7.0,5.884499999999999,0.0040000000000000036
593,pdz3,C3,sh31,BY4741,0,3,7.0,7.233499999999999,0.01200000000000001
594,pdz3,D3,sh33,BY4741,0,3,7.0,5.696499999999999,0.008000000000000007
595,sh31,E3,pdz1,BY4741,0,3,7.0,8.0365,0.016000000000000014
596,sh31,F3,pdz3,BY4741,0,3,7.0,12.033999999999999,0.03600000000000003
597,sh33,G3,pdz1,BY4741,0,3,7.0,7.2805,0.016000000000000014
598,sh33,H3,pdz3,BY4741,0,3,7.0,11.023499999999999,0.03200000000000003
599,pdz1,A4,sh31,BY4741,5,1,7.0,6.871500000000001,0.008000000000000007
600,pdz1,B4,sh33,BY4741,5,1,7.0,5.854000000000001,0.0040000000000000036
601,pdz3,C4,sh31,BY4741,5,1,7.0,8.518,0.016000000000000014
602,pdz3,D4,sh33,BY4741,5,1,7.0,7.994500000000002,0.016000000000000014
603,sh31,E4,pdz1,BY4741,5,1,7.0,10.554000000000002,0.028000000000000025
604,sh31,F4,pdz3,BY4741,5,1,7.0,9.377,0.020000000000000018
605,sh33,G4,pdz1,BY4741,5,1,7.0,12.124500000000001,0.028000000000000025
606,sh33,H4,pdz3,BY4741,5,1,7.0,16.442,0.04800000000000004
607,pdz1,A5,sh31,BY4741,5,2,7.0,6.284500000000001,0.0040000000000000036
608,pdz1,B5,sh33,BY4741,5,2,7.0,5.250499999999999,0.0040000000000000036
609,pdz3,C5,sh31,BY4741,5,2,7.0,8.698000000000002,0.016000000000000014
610,pdz3,D5,sh33,BY4741,5,2,7.0,7.6165,0.01200000000000001
611,sh31,E5,pdz1,BY4741,5,2,7.0,7.1495,0.016000000000000014
612,sh31,F5,pdz3,BY4741,5,2,7.0,11.090999999999998,0.02400000000000002
613,sh33,G5,pdz1,BY4741,5,2,7.0,12.109000000000002,0.03599999999999981
614,sh33,H5,pdz3,BY4741,5,2,7.0,14.746500000000001,0.04800000000000004
615,pdz1,A6,sh31,BY4741,5,3,7.0,5.819500000000001,0.0040000000000000036
616,pdz1,B6,sh33,BY4741,5,3,7.0,6.466000000000001,0.008000000000000007
617,pdz3,C6,sh31,BY4741,5,3,7.0,7.879000000000002,0.01200000000000001
618,pdz3,D6,sh33,BY4741,5,3,7.0,7.451500000000001,0.016000000000000014
619,sh31,E6,pdz1,BY4741,5,3,7.0,10.904500000000002,0.028000000000000025
620,sh31,F6,pdz3,BY4741,5,3,7.0,9.943,0.028000000000000025
621,sh33,G6,pdz1,BY4741,5,3,7.0,7.531,0.016000000000000014
622,sh33,H6,pdz3,BY4741,5,3,7.0,15.7595,0.05600000000000005
623,pdz1,A7,sh31,BY4741,10,1,7.0,6.4049999999999985,0.0040000000000000036
624,pdz1,B7,sh33,BY4741,10,1,7.0,5.7059999999999995,0.0040000000000000036
625,pdz3,C7,sh31,BY4741,10,1,7.0,8.079500000000001,0.016000000000000014
626,pdz3,D7,sh33,BY4741,10,1,7.0,9.232500000000002,0.027999999999999803
627,sh31,E7,pdz1,BY4741,10,1,7.0,8.938500000000001,0.020000000000000018
628,sh31,F7,pdz3,BY4741,10,1,7.0,11.012500000000001,0.028000000000000025
629,sh33,G7,pdz1,BY4741,10,1,7.0,11.120500000000002,0.020000000000000018
630,sh33,H7,pdz3,BY4741,10,1,7.0,16.078500000000002,0.04800000000000004
631,pdz1,A8,sh31,BY4741,10,2,7.0,6.268999999999998,0.0040000000000000036
632,pdz1,B8,sh33,BY4741,10,2,7.0,5.324999999999998,0.008000000000000007
633,pdz3,C8,sh31,BY4741,10,2,7.0,8.676499999999999,0.019999999999999796
634,pdz3,D8,sh33,BY4741,10,2,7.0,7.0805,0.008000000000000007
635,sh31,E8,pdz1,BY4741,10,2,7.0,7.5455,0.01200000000000001
636,sh31,F8,pdz3,BY4741,10,2,7.0,12.829,0.03600000000000003
637,sh33,G8,pdz1,BY4741,10,2,7.0,16.178,0.03600000000000003
638,sh33,H8,pdz3,BY4741,10,2,7.0,13.841000000000001,0.04400000000000004
639,pdz1,A9,sh31,BY4741,10,3,7.0,5.263999999999999,0.0040000000000000036
640,pdz1,B9,sh33,BY4741,10,3,7.0,6.8545,0.008000000000000007
641,pdz3,C9,sh31,BY4741,10,3,7.0,9.578499999999998,0.028000000000000025
642,pdz3,D9,sh33,BY4741,10,3,7.0,6.503499999999999,0.015999999999999903
643,sh31,E9,pdz1,BY4741,10,3,7.0,8.2795,0.020000000000000018
644,sh31,F9,pdz3,BY4741,10,3,7.0,10.652000000000001,0.03200000000000003
645,sh33,G9,pdz1,BY4741,10,3,7.0,7.359999999999999,0.020000000000000018
646,sh33,H9,pdz3,BY4741,10,3,7.0,15.978,0.04800000000000004
647,pdz1,A10,sh31,BY4741,20,1,7.0,6.234000000000001,0.0040000000000000036
648,pdz1,B10,sh33,BY4741,20,1,7.0,6.013999999999999,0.0040000000000000036
649,pdz3,C10,sh31,BY4741,20,1,7.0,8.557000000000002,0.020000000000000018
650,pdz3,D10,sh33,BY4741,20,1,7.0,8.993500000000001,0.020000000000000018
651,sh31,E10,pdz1,BY4741,20,1,7.0,9.678500000000003,0.020000000000000018
652,sh31,F10,pdz3,BY4741,20,1,7.0,9.6605,0.02400000000000002
653,sh33,G10,pdz1,BY4741,20,1,7.0,10.411,0.02400000000000002
654,sh33,H10,pdz3,BY4741,20,1,7.0,17.225,0.05600000000000005
655,pdz1,A11,sh31,BY4741,20,2,7.0,5.802999999999999,0.008000000000000007
656,pdz1,B11,sh33,BY4741,20,2,7.0,5.221,0.008000000000000007
657,pdz3,C11,sh31,BY4741,20,2,7.0,8.026,0.020000000000000018
658,pdz3,D11,sh33,BY4741,20,2,7.0,7.5185,0.016000000000000014
659,sh31,E11,pdz1,BY4741,20,2,7.0,8.193,0.016000000000000014
660,sh31,F11,pdz3,BY4741,20,2,7.0,10.404499999999999,0.027999999999999803
661,sh33,G11,pdz1,BY4741,20,2,7.0,9.236,0.02400000000000002
662,sh33,H11,pdz3,BY4741,20,2,7.0,12.551000000000002,0.03600000000000003
663,pdz1,A12,sh31,BY4741,20,3,7.0,6.361999999999998,0.008000000000000007
664,pdz1,B12,sh33,BY4741,20,3,7.0,8.190000000000001,0.008000000000000007
665,pdz3,C12,sh31,BY4741,20,3,7.0,8.28,0.016000000000000014
666,pdz3,D12,sh33,BY4741,20,3,7.0,7.7604999999999995,0.016000000000000014
667,sh31,E12,pdz1,BY4741,20,3,7.0,8.5825,0.016000000000000014
668,sh31,F12,pdz3,BY4741,20,3,7.0,10.762999999999998,0.028000000000000025
669,sh33,G12,pdz1,BY4741,20,3,7.0,9.240499999999999,0.02400000000000002
670,sh33,H12,pdz3,BY4741,20,3,7.0,10.596,0.02400000000000002
671,empty,A1,empty,PL0012,0,1,8.0,7.370499999999999,0.008000000000000007
672,empty,B1,empty,PL0013,0,1,8.0,6.870499999999999,0.008000000000000007
673,empty,C1,empty,PL0014,0,1,8.0,7.9254999999999995,0.016000000000000014
674,empty,D1,empty,PL0015,0,1,8.0,7.061999999999999,0.008000000000000007
675,empty,E1,empty,PL0016,0,1,8.0,6.348999999999999,0.008000000000000007
676,empty,F1,empty,PL0001,0,1,8.0,5.882499999999999,0.008000000000000007
677,empty,G1,empty,BY4741,0,1,8.0,7.909499999999999,0.020000000000000018
678,empty,H1,empty,empty,0,1,8.0,0.5499999999999989,0.0040000000000000036
679,empty,A2,empty,PL0012,0,2,8.0,7.340499999999999,0.008000000000000007
680,empty,B2,empty,PL0013,0,2,8.0,6.088499999999999,0.008000000000000007
681,empty,C2,empty,PL0014,0,2,8.0,7.664499999999999,0.008000000000000007
682,empty,D2,empty,PL0015,0,2,8.0,7.5249999999999995,0.008000000000000007
683,empty,E2,empty,PL0016,0,2,8.0,7.154,0.008000000000000007
684,empty,F2,empty,PL0001,0,2,8.0,7.161,0.016000000000000014
685,empty,G2,empty,BY4741,0,2,8.0,7.628499999999999,0.01200000000000001
686,empty,H2,empty,empty,0,2,8.0,0.367499999999999,0.0040000000000000036
687,empty,A3,empty,PL0012,0,3,8.0,7.821999999999999,0.01200000000000001
688,empty,B3,empty,PL0013,0,3,8.0,7.0905000000000005,0.01200000000000001
689,empty,C3,empty,PL0014,0,3,8.0,6.229,0.008000000000000007
690,empty,D3,empty,PL0015,0,3,8.0,6.737000000000002,0.008000000000000007
691,empty,E3,empty,PL0016,0,3,8.0,5.824999999999999,0.008000000000000007
692,empty,F3,empty,PL0001,0,3,8.0,6.342499999999999,0.008000000000000007
693,empty,G3,empty,BY4741,0,3,8.0,6.497999999999999,0.016000000000000014
694,empty,H3,empty,empty,0,3,8.0,0.4614999999999997,0.0040000000000000036
695,empty,A4,empty,PL0012,5,1,8.0,8.501999999999999,0.01200000000000001
696,empty,B4,empty,PL0013,5,1,8.0,7.577500000000001,0.008000000000000007
697,empty,C4,empty,PL0014,5,1,8.0,6.175500000000001,0.008000000000000007
698,empty,D4,empty,PL0015,5,1,8.0,6.630000000000002,0.008000000000000007
699,empty,E4,empty,PL0016,5,1,8.0,6.9350000000000005,0.008000000000000007
700,empty,F4,empty,PL0001,5,1,8.0,6.785499999999999,0.008000000000000007
701,empty,G4,empty,BY4741,5,1,8.0,7.119,0.01200000000000001
702,empty,H4,empty,empty,5,1,8.0,0.3595000000000003,0.0040000000000000036
703,empty,A5,empty,PL0012,5,2,8.0,6.867499999999998,0.008000000000000007
704,empty,B5,empty,PL0013,5,2,8.0,6.095000000000001,0.008000000000000007
705,empty,C5,empty,PL0014,5,2,8.0,6.9405,0.008000000000000007
706,empty,D5,empty,PL0015,5,2,8.0,8.633500000000002,0.01200000000000001
707,empty,E5,empty,PL0016,5,2,8.0,7.483499999999999,0.01200000000000001
708,empty,F5,empty,PL0001,5,2,8.0,5.598999999999999,0.008000000000000007
709,empty,G5,empty,BY4741,5,2,8.0,7.712,0.01200000000000001
710,empty,H5,empty,empty,5,2,8.0,0.39149999999999896,0.0040000000000000036
711,empty,A6,empty,PL0012,5,3,8.0,7.2335,0.008000000000000007
712,empty,B6,empty,PL0013,5,3,8.0,7.1305,0.01200000000000001
713,empty,C6,empty,PL0014,5,3,8.0,6.032,0.008000000000000007
714,empty,D6,empty,PL0015,5,3,8.0,5.671999999999999,0.008000000000000007
715,empty,E6,empty,PL0016,5,3,8.0,5.832000000000001,0.008000000000000007
716,empty,F6,empty,PL0001,5,3,8.0,6.131,0.008000000000000007
717,empty,G6,empty,BY4741,5,3,8.0,5.579999999999999,0.008000000000000007
718,empty,H6,empty,empty,5,3,8.0,0.4419999999999995,0.0040000000000000036
719,empty,A7,empty,PL0012,10,1,8.0,8.494499999999999,0.01200000000000001
720,empty,B7,empty,PL0013,10,1,8.0,6.959999999999999,0.008000000000000007
721,empty,C7,empty,PL0014,10,1,8.0,5.779999999999999,0.008000000000000007
722,empty,D7,empty,PL0015,10,1,8.0,5.494499999999999,0.0040000000000000036
723,empty,E7,empty,PL0016,10,1,8.0,6.461499999999999,0.008000000000000007
724,empty,F7,empty,PL0001,10,1,8.0,5.515,0.0040000000000000036
725,empty,G7,empty,BY4741,10,1,8.0,7.866,0.020000000000000018
726,empty,H7,empty,empty,10,1,8.0,0.26800000000000024,0.0040000000000000036
727,empty,A8,empty,PL0012,10,2,8.0,6.481999999999999,0.008000000000000007
728,empty,B8,empty,PL0013,10,2,8.0,6.14,0.008000000000000007
729,empty,C8,empty,PL0014,10,2,8.0,7.677500000000001,0.008000000000000007
730,empty,D8,empty,PL0015,10,2,8.0,7.524499999999998,0.008000000000000007
731,empty,E8,empty,PL0016,10,2,8.0,7.818999999999999,0.01200000000000001
732,empty,F8,empty,PL0001,10,2,8.0,7.877,0.016000000000000014
733,empty,G8,empty,BY4741,10,2,8.0,7.766499999999998,0.020000000000000018
734,empty,H8,empty,empty,10,2,8.0,0.3365000000000003,0.0040000000000000036
735,empty,A9,empty,PL0012,10,3,8.0,6.6605,0.008000000000000007
736,empty,B9,empty,PL0013,10,3,8.0,7.0575,0.01200000000000001
737,empty,C9,empty,PL0014,10,3,8.0,6.127,0.008000000000000007
738,empty,D9,empty,PL0015,10,3,8.0,6.329,0.008000000000000007
739,empty,E9,empty,PL0016,10,3,8.0,13.623500000000002,0.03600000000000003
740,empty,F9,empty,PL0001,10,3,8.0,6.540000000000001,0.008000000000000007
741,empty,G9,empty,BY4741,10,3,8.0,8.051499999999999,0.02400000000000002
742,empty,H9,empty,empty,10,3,8.0,19.458,0.03600000000000003
743,empty,A10,empty,PL0012,20,1,8.0,7.2414999999999985,0.008000000000000007
744,empty,B10,empty,PL0013,20,1,8.0,6.284999999999998,0.0040000000000000036
745,empty,C10,empty,PL0014,20,1,8.0,5.492499999999999,0.008000000000000007
746,empty,D10,empty,PL0015,20,1,8.0,5.773999999999999,0.008000000000000007
747,empty,E10,empty,PL0016,20,1,8.0,5.918999999999999,0.008000000000000007
748,empty,F10,empty,PL0001,20,1,8.0,8.541999999999998,0.020000000000000018
749,empty,G10,empty,BY4741,20,1,8.0,7.454999999999999,0.016000000000000014
750,empty,H10,empty,empty,20,1,8.0,0.31249999999999933,0.0040000000000000036
751,empty,A11,empty,PL0012,20,2,8.0,6.538499999999999,0.008000000000000007
752,empty,B11,empty,PL0013,20,2,8.0,6.068,0.008000000000000007
753,empty,C11,empty,PL0014,20,2,8.0,6.451499999999999,0.008000000000000007
754,empty,D11,empty,PL0015,20,2,8.0,7.474499999999999,0.008000000000000007
755,empty,E11,empty,PL0016,20,2,8.0,8.0735,0.01200000000000001
756,empty,F11,empty,PL0001,20,2,8.0,6.122000000000001,0.008000000000000007
757,empty,G11,empty,BY4741,20,2,8.0,7.854499999999999,0.01200000000000001
758,empty,H11,empty,empty,20,2,8.0,0.14950000000000013,0.0040000000000000036
759,empty,A12,empty,PL0012,20,3,8.0,7.173000000000002,0.016000000000000014
760,empty,B12,empty,PL0013,20,3,8.0,7.2705,0.01200000000000001
761,empty,C12,empty,PL0014,20,3,8.0,7.1735,0.01200000000000001
762,empty,D12,empty,PL0015,20,3,8.0,6.151999999999999,0.008000000000000007
763,empty,E12,empty,PL0016,20,3,8.0,5.8629999999999995,0.008000000000000007
764,empty,F12,empty,PL0001,20,3,8.0,5.192,0.007999999999999952
765,empty,G12,empty,BY4741,20,3,8.0,5.773,0.01200000000000001
766,empty,H12,empty,empty,20,3,8.0,0.27800000000000025,0.0040000000000000036
